case,M,N,pM,pN,tasks,blocks,peak_tiles,peak_cells,peak_input
11,1536,2048,5,4,20,20,6,196608,2304
11,1536,2064,4,5,20,20,6,196608,2304
11,1536,2080,4,5,20,20,6,196608,2304
11,1536,2096,4,5,20,20,6,196608,2304
11,1536,2112,4,5,20,20,6,196608,2304
11,1536,2128,4,5,20,20,6,196608,2304
11,1536,2144,4,5,20,20,6,196608,2304
11,1536,2160,4,5,20,20,6,196608,2304
11,1536,2176,4,5,20,20,6,196608,2304
11,1536,2192,4,5,20,20,6,196608,2304
11,1536,2208,4,5,20,20,6,196608,2304
11,1536,2224,4,5,20,20,6,196608,2304
11,1536,2240,4,5,20,20,6,196608,2304
11,1536,2256,4,5,20,20,6,196608,2304
11,1536,2272,4,5,20,20,6,196608,2304
11,1536,2288,4,5,20,20,6,196608,2304
11,1536,2304,4,5,20,20,6,196608,2304
11,1536,2320,4,5,20,20,6,196608,2304
11,1536,2336,4,5,20,20,6,196608,2304
11,1536,2352,4,5,20,20,6,196608,2304
11,1536,2368,4,5,20,20,6,196608,2304
11,1536,2384,4,5,20,20,6,196608,2304
11,1536,2400,4,5,20,20,6,196608,2304
11,1536,2416,4,5,20,20,6,196608,2304
11,1536,2432,4,5,20,20,6,196608,2304
11,1536,2448,4,5,20,20,6,196608,2304
11,1536,2464,4,5,20,20,6,196608,2304
11,1536,2480,4,5,20,20,6,196608,2304
11,1536,2496,4,5,20,20,6,196608,2304
11,1536,2512,4,5,20,20,6,196608,2304
11,1536,2528,4,5,20,20,6,196608,2304
11,1536,2544,4,5,20,20,6,196608,2304
11,1536,2560,4,5,20,20,6,196608,2304
11,1536,2576,4,5,20,20,9,202752,2736
11,1536,2592,4,5,20,20,9,208896,2784
11,1536,2608,4,5,20,20,9,215040,2832
11,1536,2624,4,5,20,20,9,221184,2880
11,1536,2640,4,5,20,20,9,227328,2928
11,1536,2656,4,5,20,20,9,233472,2976
11,1536,2672,4,5,20,20,9,239616,3024
11,1536,2688,4,5,20,20,9,245760,3072
11,1536,2704,4,5,20,20,9,251904,3120
11,1536,2720,4,5,20,20,9,258048,3168
11,1536,2736,4,5,20,20,9,264192,3216
11,1536,2752,4,5,20,20,9,270336,3264
11,1536,2768,4,5,20,20,9,276480,3312
11,1536,2784,4,5,20,20,9,282624,3360
11,1536,2800,4,5,20,20,9,288768,3408
11,1536,2816,5,4,20,20,9,294912,3456
11,1536,2832,5,4,20,20,9,294912,3456
11,1536,2848,5,4,20,20,9,294912,3456
11,1536,2864,5,4,20,20,9,294912,3456
11,1536,2880,5,4,20,20,9,294912,3456
11,1536,2896,5,4,20,20,9,294912,3456
11,1536,2912,5,4,20,20,9,294912,3456
11,1536,2928,5,4,20,20,9,294912,3456
11,1536,2944,5,4,20,20,9,294912,3456
11,1536,2960,5,4,20,20,9,294912,3456
11,1536,2976,5,4,20,20,9,294912,3456
11,1536,2992,5,4,20,20,9,294912,3456
11,1536,3008,5,4,20,20,9,294912,3456
11,1536,3024,5,4,20,20,9,294912,3456
11,1536,3040,5,4,20,20,9,294912,3456
11,1536,3056,5,4,20,20,9,294912,3456
11,1552,2048,5,4,20,20,6,196608,2304
11,1552,2064,4,5,20,20,8,204800,2848
11,1552,2080,4,5,20,20,8,204800,2848
11,1552,2096,4,5,20,20,8,204800,2848
11,1552,2112,4,5,20,20,8,204800,2848
11,1552,2128,4,5,20,20,8,204800,2848
11,1552,2144,4,5,20,20,8,204800,2848
11,1552,2160,4,5,20,20,8,204800,2848
11,1552,2176,4,5,20,20,8,204800,2848
11,1552,2192,4,5,20,20,8,204800,2848
11,1552,2208,4,5,20,20,8,204800,2848
11,1552,2224,4,5,20,20,8,204800,2848
11,1552,2240,4,5,20,20,8,204800,2848
11,1552,2256,4,5,20,20,8,204800,2848
11,1552,2272,4,5,20,20,8,204800,2848
11,1552,2288,4,5,20,20,8,204800,2848
11,1552,2304,4,5,20,20,8,204800,2848
11,1552,2320,2,10,20,20,7,200704,2576
11,1552,2336,2,10,20,20,7,200704,2576
11,1552,2352,2,10,20,20,7,200704,2576
11,1552,2368,2,10,20,20,7,200704,2576
11,1552,2384,2,10,20,20,7,200704,2576
11,1552,2400,2,10,20,20,7,200704,2576
11,1552,2416,2,10,20,20,7,200704,2576
11,1552,2432,2,10,20,20,7,200704,2576
11,1552,2448,2,10,20,20,7,200704,2576
11,1552,2464,2,10,20,20,7,200704,2576
11,1552,2480,2,10,20,20,7,200704,2576
11,1552,2496,2,10,20,20,7,200704,2576
11,1552,2512,2,10,20,20,7,200704,2576
11,1552,2528,2,10,20,20,7,200704,2576
11,1552,2544,2,10,20,20,7,200704,2576
11,1552,2560,2,10,20,20,7,200704,2576
11,1552,2576,13,2,26,20,12,331776,4128
11,1552,2592,13,2,26,20,12,335872,4160
11,1552,2608,5,4,20,20,9,294912,3456
11,1552,2624,5,4,20,20,9,294912,3456
11,1552,2640,5,4,20,20,9,294912,3456
11,1552,2656,5,4,20,20,9,294912,3456
11,1552,2672,5,4,20,20,9,294912,3456
11,1552,2688,5,4,20,20,9,294912,3456
11,1552,2704,5,4,20,20,9,294912,3456
11,1552,2720,5,4,20,20,9,294912,3456
11,1552,2736,5,4,20,20,9,294912,3456
11,1552,2752,5,4,20,20,9,294912,3456
11,1552,2768,5,4,20,20,9,294912,3456
11,1552,2784,5,4,20,20,9,294912,3456
11,1552,2800,5,4,20,20,9,294912,3456
11,1552,2816,5,4,20,20,9,294912,3456
11,1552,2832,5,4,20,20,9,294912,3456
11,1552,2848,5,4,20,20,9,294912,3456
11,1552,2864,5,4,20,20,9,294912,3456
11,1552,2880,5,4,20,20,9,294912,3456
11,1552,2896,5,4,20,20,9,294912,3456
11,1552,2912,5,4,20,20,9,294912,3456
11,1552,2928,5,4,20,20,9,294912,3456
11,1552,2944,5,4,20,20,9,294912,3456
11,1552,2960,5,4,20,20,9,294912,3456
11,1552,2976,5,4,20,20,9,294912,3456
11,1552,2992,5,4,20,20,9,294912,3456
11,1552,3008,5,4,20,20,9,294912,3456
11,1552,3024,5,4,20,20,9,294912,3456
11,1552,3040,5,4,20,20,9,294912,3456
11,1552,3056,5,4,20,20,9,294912,3456
11,1568,2048,5,4,20,20,6,196608,2304
11,1568,2064,4,5,20,20,8,212992,2880
11,1568,2080,4,5,20,20,8,212992,2880
11,1568,2096,4,5,20,20,8,212992,2880
11,1568,2112,4,5,20,20,8,212992,2880
11,1568,2128,4,5,20,20,8,212992,2880
11,1568,2144,4,5,20,20,8,212992,2880
11,1568,2160,4,5,20,20,8,212992,2880
11,1568,2176,4,5,20,20,8,212992,2880
11,1568,2192,4,5,20,20,8,212992,2880
11,1568,2208,4,5,20,20,8,212992,2880
11,1568,2224,4,5,20,20,8,212992,2880
11,1568,2240,4,5,20,20,8,212992,2880
11,1568,2256,4,5,20,20,8,212992,2880
11,1568,2272,4,5,20,20,8,212992,2880
11,1568,2288,4,5,20,20,8,212992,2880
11,1568,2304,4,5,20,20,8,212992,2880
11,1568,2320,2,10,20,20,7,204800,2592
11,1568,2336,2,10,20,20,7,204800,2592
11,1568,2352,2,10,20,20,7,204800,2592
11,1568,2368,2,10,20,20,7,204800,2592
11,1568,2384,2,10,20,20,7,204800,2592
11,1568,2400,2,10,20,20,7,204800,2592
11,1568,2416,2,10,20,20,7,204800,2592
11,1568,2432,2,10,20,20,7,204800,2592
11,1568,2448,2,10,20,20,7,204800,2592
11,1568,2464,2,10,20,20,7,204800,2592
11,1568,2480,2,10,20,20,7,204800,2592
11,1568,2496,2,10,20,20,7,204800,2592
11,1568,2512,2,10,20,20,7,204800,2592
11,1568,2528,2,10,20,20,7,204800,2592
11,1568,2544,2,10,20,20,7,204800,2592
11,1568,2560,2,10,20,20,7,204800,2592
11,1568,2576,13,2,26,20,12,331776,4128
11,1568,2592,13,2,26,20,12,335872,4160
11,1568,2608,5,4,20,20,9,294912,3456
11,1568,2624,5,4,20,20,9,294912,3456
11,1568,2640,5,4,20,20,9,294912,3456
11,1568,2656,5,4,20,20,9,294912,3456
11,1568,2672,5,4,20,20,9,294912,3456
11,1568,2688,5,4,20,20,9,294912,3456
11,1568,2704,5,4,20,20,9,294912,3456
11,1568,2720,5,4,20,20,9,294912,3456
11,1568,2736,5,4,20,20,9,294912,3456
11,1568,2752,5,4,20,20,9,294912,3456
11,1568,2768,5,4,20,20,9,294912,3456
11,1568,2784,5,4,20,20,9,294912,3456
11,1568,2800,5,4,20,20,9,294912,3456
11,1568,2816,5,4,20,20,9,294912,3456
11,1568,2832,5,4,20,20,9,294912,3456
11,1568,2848,5,4,20,20,9,294912,3456
11,1568,2864,5,4,20,20,9,294912,3456
11,1568,2880,5,4,20,20,9,294912,3456
11,1568,2896,5,4,20,20,9,294912,3456
11,1568,2912,5,4,20,20,9,294912,3456
11,1568,2928,5,4,20,20,9,294912,3456
11,1568,2944,5,4,20,20,9,294912,3456
11,1568,2960,5,4,20,20,9,294912,3456
11,1568,2976,5,4,20,20,9,294912,3456
11,1568,2992,5,4,20,20,9,294912,3456
11,1568,3008,5,4,20,20,9,294912,3456
11,1568,3024,5,4,20,20,9,294912,3456
11,1568,3040,5,4,20,20,9,294912,3456
11,1568,3056,5,4,20,20,9,294912,3456
11,1584,2048,5,4,20,20,6,196608,2304
11,1584,2064,4,5,20,20,8,221184,2912
11,1584,2080,4,5,20,20,8,221184,2912
11,1584,2096,4,5,20,20,8,221184,2912
11,1584,2112,4,5,20,20,8,221184,2912
11,1584,2128,4,5,20,20,8,221184,2912
11,1584,2144,4,5,20,20,8,221184,2912
11,1584,2160,4,5,20,20,8,221184,2912
11,1584,2176,4,5,20,20,8,221184,2912
11,1584,2192,4,5,20,20,8,221184,2912
11,1584,2208,4,5,20,20,8,221184,2912
11,1584,2224,4,5,20,20,8,221184,2912
11,1584,2240,4,5,20,20,8,221184,2912
11,1584,2256,4,5,20,20,8,221184,2912
11,1584,2272,4,5,20,20,8,221184,2912
11,1584,2288,4,5,20,20,8,221184,2912
11,1584,2304,4,5,20,20,8,221184,2912
11,1584,2320,2,10,20,20,7,208896,2608
11,1584,2336,2,10,20,20,7,208896,2608
11,1584,2352,2,10,20,20,7,208896,2608
11,1584,2368,2,10,20,20,7,208896,2608
11,1584,2384,2,10,20,20,7,208896,2608
11,1584,2400,2,10,20,20,7,208896,2608
11,1584,2416,2,10,20,20,7,208896,2608
11,1584,2432,2,10,20,20,7,208896,2608
11,1584,2448,2,10,20,20,7,208896,2608
11,1584,2464,2,10,20,20,7,208896,2608
11,1584,2480,2,10,20,20,7,208896,2608
11,1584,2496,2,10,20,20,7,208896,2608
11,1584,2512,2,10,20,20,7,208896,2608
11,1584,2528,2,10,20,20,7,208896,2608
11,1584,2544,2,10,20,20,7,208896,2608
11,1584,2560,2,10,20,20,7,208896,2608
11,1584,2576,13,2,26,20,12,331776,4128
11,1584,2592,13,2,26,20,12,335872,4160
11,1584,2608,5,4,20,20,9,294912,3456
11,1584,2624,5,4,20,20,9,294912,3456
11,1584,2640,5,4,20,20,9,294912,3456
11,1584,2656,5,4,20,20,9,294912,3456
11,1584,2672,5,4,20,20,9,294912,3456
11,1584,2688,5,4,20,20,9,294912,3456
11,1584,2704,5,4,20,20,9,294912,3456
11,1584,2720,5,4,20,20,9,294912,3456
11,1584,2736,5,4,20,20,9,294912,3456
11,1584,2752,5,4,20,20,9,294912,3456
11,1584,2768,5,4,20,20,9,294912,3456
11,1584,2784,5,4,20,20,9,294912,3456
11,1584,2800,5,4,20,20,9,294912,3456
11,1584,2816,5,4,20,20,9,294912,3456
11,1584,2832,5,4,20,20,9,294912,3456
11,1584,2848,5,4,20,20,9,294912,3456
11,1584,2864,5,4,20,20,9,294912,3456
11,1584,2880,5,4,20,20,9,294912,3456
11,1584,2896,5,4,20,20,9,294912,3456
11,1584,2912,5,4,20,20,9,294912,3456
11,1584,2928,5,4,20,20,9,294912,3456
11,1584,2944,5,4,20,20,9,294912,3456
11,1584,2960,5,4,20,20,9,294912,3456
11,1584,2976,5,4,20,20,9,294912,3456
11,1584,2992,5,4,20,20,9,294912,3456
11,1584,3008,5,4,20,20,9,294912,3456
11,1584,3024,5,4,20,20,9,294912,3456
11,1584,3040,5,4,20,20,9,294912,3456
11,1584,3056,5,4,20,20,9,294912,3456
11,1600,2048,5,4,20,20,6,196608,2304
11,1600,2064,13,2,26,20,10,266240,3360
11,1600,2080,4,5,20,20,8,229376,2944
11,1600,2096,4,5,20,20,8,229376,2944
11,1600,2112,4,5,20,20,8,229376,2944
11,1600,2128,4,5,20,20,8,229376,2944
11,1600,2144,4,5,20,20,8,229376,2944
11,1600,2160,4,5,20,20,8,229376,2944
11,1600,2176,4,5,20,20,8,229376,2944
11,1600,2192,4,5,20,20,8,229376,2944
11,1600,2208,4,5,20,20,8,229376,2944
11,1600,2224,4,5,20,20,8,229376,2944
11,1600,2240,4,5,20,20,8,229376,2944
11,1600,2256,4,5,20,20,8,229376,2944
11,1600,2272,4,5,20,20,8,229376,2944
11,1600,2288,4,5,20,20,8,229376,2944
11,1600,2304,4,5,20,20,8,229376,2944
11,1600,2320,2,10,20,20,7,212992,2624
11,1600,2336,2,10,20,20,7,212992,2624
11,1600,2352,2,10,20,20,7,212992,2624
11,1600,2368,2,10,20,20,7,212992,2624
11,1600,2384,2,10,20,20,7,212992,2624
11,1600,2400,2,10,20,20,7,212992,2624
11,1600,2416,2,10,20,20,7,212992,2624
11,1600,2432,2,10,20,20,7,212992,2624
11,1600,2448,2,10,20,20,7,212992,2624
11,1600,2464,2,10,20,20,7,212992,2624
11,1600,2480,2,10,20,20,7,212992,2624
11,1600,2496,2,10,20,20,7,212992,2624
11,1600,2512,2,10,20,20,7,212992,2624
11,1600,2528,2,10,20,20,7,212992,2624
11,1600,2544,2,10,20,20,7,212992,2624
11,1600,2560,2,10,20,20,7,212992,2624
11,1600,2576,13,2,26,20,12,331776,4128
11,1600,2592,13,2,26,20,12,335872,4160
11,1600,2608,5,4,20,20,9,294912,3456
11,1600,2624,5,4,20,20,9,294912,3456
11,1600,2640,5,4,20,20,9,294912,3456
11,1600,2656,5,4,20,20,9,294912,3456
11,1600,2672,5,4,20,20,9,294912,3456
11,1600,2688,5,4,20,20,9,294912,3456
11,1600,2704,5,4,20,20,9,294912,3456
11,1600,2720,5,4,20,20,9,294912,3456
11,1600,2736,5,4,20,20,9,294912,3456
11,1600,2752,5,4,20,20,9,294912,3456
11,1600,2768,5,4,20,20,9,294912,3456
11,1600,2784,5,4,20,20,9,294912,3456
11,1600,2800,5,4,20,20,9,294912,3456
11,1600,2816,5,4,20,20,9,294912,3456
11,1600,2832,5,4,20,20,9,294912,3456
11,1600,2848,5,4,20,20,9,294912,3456
11,1600,2864,5,4,20,20,9,294912,3456
11,1600,2880,5,4,20,20,9,294912,3456
11,1600,2896,5,4,20,20,9,294912,3456
11,1600,2912,5,4,20,20,9,294912,3456
11,1600,2928,5,4,20,20,9,294912,3456
11,1600,2944,5,4,20,20,9,294912,3456
11,1600,2960,5,4,20,20,9,294912,3456
11,1600,2976,5,4,20,20,9,294912,3456
11,1600,2992,5,4,20,20,9,294912,3456
11,1600,3008,5,4,20,20,9,294912,3456
11,1600,3024,5,4,20,20,9,294912,3456
11,1600,3040,5,4,20,20,9,294912,3456
11,1600,3056,5,4,20,20,9,294912,3456
11,1616,2048,5,4,20,20,6,196608,2304
11,1616,2064,13,2,26,20,10,266240,3360
11,1616,2080,13,2,26,20,10,270336,3392
11,1616,2096,4,5,20,20,8,237568,2976
11,1616,2112,4,5,20,20,8,237568,2976
11,1616,2128,4,5,20,20,8,237568,2976
11,1616,2144,4,5,20,20,8,237568,2976
11,1616,2160,4,5,20,20,8,237568,2976
11,1616,2176,4,5,20,20,8,237568,2976
11,1616,2192,4,5,20,20,8,237568,2976
11,1616,2208,4,5,20,20,8,237568,2976
11,1616,2224,4,5,20,20,8,237568,2976
11,1616,2240,4,5,20,20,8,237568,2976
11,1616,2256,4,5,20,20,8,237568,2976
11,1616,2272,4,5,20,20,8,237568,2976
11,1616,2288,4,5,20,20,8,237568,2976
11,1616,2304,4,5,20,20,8,237568,2976
11,1616,2320,2,10,20,20,7,217088,2640
11,1616,2336,2,10,20,20,7,217088,2640
11,1616,2352,2,10,20,20,7,217088,2640
11,1616,2368,2,10,20,20,7,217088,2640
11,1616,2384,2,10,20,20,7,217088,2640
11,1616,2400,2,10,20,20,7,217088,2640
11,1616,2416,2,10,20,20,7,217088,2640
11,1616,2432,2,10,20,20,7,217088,2640
11,1616,2448,2,10,20,20,7,217088,2640
11,1616,2464,2,10,20,20,7,217088,2640
11,1616,2480,2,10,20,20,7,217088,2640
11,1616,2496,2,10,20,20,7,217088,2640
11,1616,2512,2,10,20,20,7,217088,2640
11,1616,2528,2,10,20,20,7,217088,2640
11,1616,2544,2,10,20,20,7,217088,2640
11,1616,2560,2,10,20,20,7,217088,2640
11,1616,2576,13,2,26,20,12,331776,4128
11,1616,2592,13,2,26,20,12,335872,4160
11,1616,2608,5,4,20,20,9,294912,3456
11,1616,2624,5,4,20,20,9,294912,3456
11,1616,2640,5,4,20,20,9,294912,3456
11,1616,2656,5,4,20,20,9,294912,3456
11,1616,2672,5,4,20,20,9,294912,3456
11,1616,2688,5,4,20,20,9,294912,3456
11,1616,2704,5,4,20,20,9,294912,3456
11,1616,2720,5,4,20,20,9,294912,3456
11,1616,2736,5,4,20,20,9,294912,3456
11,1616,2752,5,4,20,20,9,294912,3456
11,1616,2768,5,4,20,20,9,294912,3456
11,1616,2784,5,4,20,20,9,294912,3456
11,1616,2800,5,4,20,20,9,294912,3456
11,1616,2816,5,4,20,20,9,294912,3456
11,1616,2832,5,4,20,20,9,294912,3456
11,1616,2848,5,4,20,20,9,294912,3456
11,1616,2864,5,4,20,20,9,294912,3456
11,1616,2880,5,4,20,20,9,294912,3456
11,1616,2896,5,4,20,20,9,294912,3456
11,1616,2912,5,4,20,20,9,294912,3456
11,1616,2928,5,4,20,20,9,294912,3456
11,1616,2944,5,4,20,20,9,294912,3456
11,1616,2960,5,4,20,20,9,294912,3456
11,1616,2976,5,4,20,20,9,294912,3456
11,1616,2992,5,4,20,20,9,294912,3456
11,1616,3008,5,4,20,20,9,294912,3456
11,1616,3024,5,4,20,20,9,294912,3456
11,1616,3040,5,4,20,20,9,294912,3456
11,1616,3056,5,4,20,20,9,294912,3456
11,1632,2048,5,4,20,20,6,196608,2304
11,1632,2064,13,2,26,20,10,266240,3360
11,1632,2080,13,2,26,20,10,270336,3392
11,1632,2096,13,2,26,20,10,274432,3424
11,1632,2112,13,2,26,20,10,278528,3456
11,1632,2128,4,5,20,20,8,245760,3008
11,1632,2144,4,5,20,20,8,245760,3008
11,1632,2160,4,5,20,20,8,245760,3008
11,1632,2176,4,5,20,20,8,245760,3008
11,1632,2192,4,5,20,20,8,245760,3008
11,1632,2208,4,5,20,20,8,245760,3008
11,1632,2224,4,5,20,20,8,245760,3008
11,1632,2240,4,5,20,20,8,245760,3008
11,1632,2256,4,5,20,20,8,245760,3008
11,1632,2272,4,5,20,20,8,245760,3008
11,1632,2288,4,5,20,20,8,245760,3008
11,1632,2304,4,5,20,20,8,245760,3008
11,1632,2320,2,10,20,20,7,221184,2656
11,1632,2336,2,10,20,20,7,221184,2656
11,1632,2352,2,10,20,20,7,221184,2656
11,1632,2368,2,10,20,20,7,221184,2656
11,1632,2384,2,10,20,20,7,221184,2656
11,1632,2400,2,10,20,20,7,221184,2656
11,1632,2416,2,10,20,20,7,221184,2656
11,1632,2432,2,10,20,20,7,221184,2656
11,1632,2448,2,10,20,20,7,221184,2656
11,1632,2464,2,10,20,20,7,221184,2656
11,1632,2480,2,10,20,20,7,221184,2656
11,1632,2496,2,10,20,20,7,221184,2656
11,1632,2512,2,10,20,20,7,221184,2656
11,1632,2528,2,10,20,20,7,221184,2656
11,1632,2544,2,10,20,20,7,221184,2656
11,1632,2560,2,10,20,20,7,221184,2656
11,1632,2576,13,2,26,20,12,331776,4128
11,1632,2592,13,2,26,20,12,335872,4160
11,1632,2608,5,4,20,20,9,294912,3456
11,1632,2624,5,4,20,20,9,294912,3456
11,1632,2640,5,4,20,20,9,294912,3456
11,1632,2656,5,4,20,20,9,294912,3456
11,1632,2672,5,4,20,20,9,294912,3456
11,1632,2688,5,4,20,20,9,294912,3456
11,1632,2704,5,4,20,20,9,294912,3456
11,1632,2720,5,4,20,20,9,294912,3456
11,1632,2736,5,4,20,20,9,294912,3456
11,1632,2752,5,4,20,20,9,294912,3456
11,1632,2768,5,4,20,20,9,294912,3456
11,1632,2784,5,4,20,20,9,294912,3456
11,1632,2800,5,4,20,20,9,294912,3456
11,1632,2816,5,4,20,20,9,294912,3456
11,1632,2832,5,4,20,20,9,294912,3456
11,1632,2848,5,4,20,20,9,294912,3456
11,1632,2864,5,4,20,20,9,294912,3456
11,1632,2880,5,4,20,20,9,294912,3456
11,1632,2896,5,4,20,20,9,294912,3456
11,1632,2912,5,4,20,20,9,294912,3456
11,1632,2928,5,4,20,20,9,294912,3456
11,1632,2944,5,4,20,20,9,294912,3456
11,1632,2960,5,4,20,20,9,294912,3456
11,1632,2976,5,4,20,20,9,294912,3456
11,1632,2992,5,4,20,20,9,294912,3456
11,1632,3008,5,4,20,20,9,294912,3456
11,1632,3024,5,4,20,20,9,294912,3456
11,1632,3040,5,4,20,20,9,294912,3456
11,1632,3056,5,4,20,20,9,294912,3456
11,1648,2048,5,4,20,20,6,196608,2304
11,1648,2064,13,2,26,20,10,266240,3360
11,1648,2080,13,2,26,20,10,270336,3392
11,1648,2096,13,2,26,20,10,274432,3424
11,1648,2112,13,2,26,20,10,278528,3456
11,1648,2128,13,2,26,20,10,282624,3488
11,1648,2144,13,2,26,20,10,286720,3520
11,1648,2160,4,5,20,20,8,253952,3040
11,1648,2176,4,5,20,20,8,253952,3040
11,1648,2192,4,5,20,20,8,253952,3040
11,1648,2208,4,5,20,20,8,253952,3040
11,1648,2224,4,5,20,20,8,253952,3040
11,1648,2240,4,5,20,20,8,253952,3040
11,1648,2256,4,5,20,20,8,253952,3040
11,1648,2272,4,5,20,20,8,253952,3040
11,1648,2288,4,5,20,20,8,253952,3040
11,1648,2304,4,5,20,20,8,253952,3040
11,1648,2320,2,10,20,20,7,225280,2672
11,1648,2336,2,10,20,20,7,225280,2672
11,1648,2352,2,10,20,20,7,225280,2672
11,1648,2368,2,10,20,20,7,225280,2672
11,1648,2384,2,10,20,20,7,225280,2672
11,1648,2400,2,10,20,20,7,225280,2672
11,1648,2416,2,10,20,20,7,225280,2672
11,1648,2432,2,10,20,20,7,225280,2672
11,1648,2448,2,10,20,20,7,225280,2672
11,1648,2464,2,10,20,20,7,225280,2672
11,1648,2480,2,10,20,20,7,225280,2672
11,1648,2496,2,10,20,20,7,225280,2672
11,1648,2512,2,10,20,20,7,225280,2672
11,1648,2528,2,10,20,20,7,225280,2672
11,1648,2544,2,10,20,20,7,225280,2672
11,1648,2560,2,10,20,20,7,225280,2672
11,1648,2576,13,2,26,20,12,331776,4128
11,1648,2592,13,2,26,20,12,335872,4160
11,1648,2608,5,4,20,20,9,294912,3456
11,1648,2624,5,4,20,20,9,294912,3456
11,1648,2640,5,4,20,20,9,294912,3456
11,1648,2656,5,4,20,20,9,294912,3456
11,1648,2672,5,4,20,20,9,294912,3456
11,1648,2688,5,4,20,20,9,294912,3456
11,1648,2704,5,4,20,20,9,294912,3456
11,1648,2720,5,4,20,20,9,294912,3456
11,1648,2736,5,4,20,20,9,294912,3456
11,1648,2752,5,4,20,20,9,294912,3456
11,1648,2768,5,4,20,20,9,294912,3456
11,1648,2784,5,4,20,20,9,294912,3456
11,1648,2800,5,4,20,20,9,294912,3456
11,1648,2816,5,4,20,20,9,294912,3456
11,1648,2832,5,4,20,20,9,294912,3456
11,1648,2848,5,4,20,20,9,294912,3456
11,1648,2864,5,4,20,20,9,294912,3456
11,1648,2880,5,4,20,20,9,294912,3456
11,1648,2896,5,4,20,20,9,294912,3456
11,1648,2912,5,4,20,20,9,294912,3456
11,1648,2928,5,4,20,20,9,294912,3456
11,1648,2944,5,4,20,20,9,294912,3456
11,1648,2960,5,4,20,20,9,294912,3456
11,1648,2976,5,4,20,20,9,294912,3456
11,1648,2992,5,4,20,20,9,294912,3456
11,1648,3008,5,4,20,20,9,294912,3456
11,1648,3024,5,4,20,20,9,294912,3456
11,1648,3040,5,4,20,20,9,294912,3456
11,1648,3056,5,4,20,20,9,294912,3456
11,1664,2048,5,4,20,20,6,196608,2304
11,1664,2064,13,2,26,20,10,266240,3360
11,1664,2080,13,2,26,20,10,270336,3392
11,1664,2096,13,2,26,20,10,274432,3424
11,1664,2112,13,2,26,20,10,278528,3456
11,1664,2128,13,2,26,20,10,282624,3488
11,1664,2144,13,2,26,20,10,286720,3520
11,1664,2160,13,2,26,20,10,290816,3552
11,1664,2176,13,2,26,20,10,294912,3584
11,1664,2192,13,2,26,20,10,299008,3616
11,1664,2208,2,9,18,18,7,229376,2688
11,1664,2224,2,9,18,18,7,229376,2688
11,1664,2240,2,9,18,18,7,229376,2688
11,1664,2256,2,9,18,18,7,229376,2688
11,1664,2272,2,9,18,18,7,229376,2688
11,1664,2288,2,9,18,18,7,229376,2688
11,1664,2304,2,9,18,18,7,229376,2688
11,1664,2320,2,10,20,20,7,229376,2688
11,1664,2336,2,10,20,20,7,229376,2688
11,1664,2352,2,10,20,20,7,229376,2688
11,1664,2368,2,10,20,20,7,229376,2688
11,1664,2384,2,10,20,20,7,229376,2688
11,1664,2400,2,10,20,20,7,229376,2688
11,1664,2416,2,10,20,20,7,229376,2688
11,1664,2432,2,10,20,20,7,229376,2688
11,1664,2448,2,10,20,20,7,229376,2688
11,1664,2464,2,10,20,20,7,229376,2688
11,1664,2480,2,10,20,20,7,229376,2688
11,1664,2496,2,10,20,20,7,229376,2688
11,1664,2512,2,10,20,20,7,229376,2688
11,1664,2528,2,10,20,20,7,229376,2688
11,1664,2544,2,10,20,20,7,229376,2688
11,1664,2560,2,10,20,20,7,229376,2688
11,1664,2576,13,2,26,20,12,331776,4128
11,1664,2592,13,2,26,20,12,335872,4160
11,1664,2608,5,4,20,20,9,294912,3456
11,1664,2624,5,4,20,20,9,294912,3456
11,1664,2640,5,4,20,20,9,294912,3456
11,1664,2656,5,4,20,20,9,294912,3456
11,1664,2672,5,4,20,20,9,294912,3456
11,1664,2688,5,4,20,20,9,294912,3456
11,1664,2704,5,4,20,20,9,294912,3456
11,1664,2720,5,4,20,20,9,294912,3456
11,1664,2736,5,4,20,20,9,294912,3456
11,1664,2752,5,4,20,20,9,294912,3456
11,1664,2768,5,4,20,20,9,294912,3456
11,1664,2784,5,4,20,20,9,294912,3456
11,1664,2800,5,4,20,20,9,294912,3456
11,1664,2816,5,4,20,20,9,294912,3456
11,1664,2832,5,4,20,20,9,294912,3456
11,1664,2848,5,4,20,20,9,294912,3456
11,1664,2864,5,4,20,20,9,294912,3456
11,1664,2880,5,4,20,20,9,294912,3456
11,1664,2896,5,4,20,20,9,294912,3456
11,1664,2912,5,4,20,20,9,294912,3456
11,1664,2928,5,4,20,20,9,294912,3456
11,1664,2944,5,4,20,20,9,294912,3456
11,1664,2960,5,4,20,20,9,294912,3456
11,1664,2976,5,4,20,20,9,294912,3456
11,1664,2992,5,4,20,20,9,294912,3456
11,1664,3008,5,4,20,20,9,294912,3456
11,1664,3024,5,4,20,20,9,294912,3456
11,1664,3040,5,4,20,20,9,294912,3456
11,1664,3056,5,4,20,20,9,294912,3456
11,1680,2048,5,4,20,20,6,196608,2304
11,1680,2064,14,2,28,20,10,266240,3360
11,1680,2080,14,2,28,20,10,270336,3392
11,1680,2096,14,2,28,20,10,274432,3424
11,1680,2112,14,2,28,20,10,278528,3456
11,1680,2128,14,2,28,20,10,282624,3488
11,1680,2144,14,2,28,20,10,286720,3520
11,1680,2160,14,2,28,20,10,290816,3552
11,1680,2176,14,2,28,20,10,294912,3584
11,1680,2192,14,2,28,20,10,299008,3616
11,1680,2208,2,9,18,18,7,229376,2688
11,1680,2224,2,9,18,18,7,229376,2688
11,1680,2240,2,9,18,18,7,229376,2688
11,1680,2256,2,9,18,18,7,229376,2688
11,1680,2272,2,9,18,18,7,229376,2688
11,1680,2288,2,9,18,18,7,229376,2688
11,1680,2304,2,9,18,18,7,229376,2688
11,1680,2320,2,10,20,20,7,229376,2688
11,1680,2336,2,10,20,20,7,229376,2688
11,1680,2352,2,10,20,20,7,229376,2688
11,1680,2368,2,10,20,20,7,229376,2688
11,1680,2384,2,10,20,20,7,229376,2688
11,1680,2400,2,10,20,20,7,229376,2688
11,1680,2416,2,10,20,20,7,229376,2688
11,1680,2432,2,10,20,20,7,229376,2688
11,1680,2448,2,10,20,20,7,229376,2688
11,1680,2464,2,10,20,20,7,229376,2688
11,1680,2480,2,10,20,20,7,229376,2688
11,1680,2496,2,10,20,20,7,229376,2688
11,1680,2512,2,10,20,20,7,229376,2688
11,1680,2528,2,10,20,20,7,229376,2688
11,1680,2544,2,10,20,20,7,229376,2688
11,1680,2560,2,10,20,20,7,229376,2688
11,1680,2576,14,2,28,20,12,331776,4128
11,1680,2592,14,2,28,20,12,335872,4160
11,1680,2608,5,4,20,20,9,294912,3456
11,1680,2624,5,4,20,20,9,294912,3456
11,1680,2640,5,4,20,20,9,294912,3456
11,1680,2656,5,4,20,20,9,294912,3456
11,1680,2672,5,4,20,20,9,294912,3456
11,1680,2688,5,4,20,20,9,294912,3456
11,1680,2704,5,4,20,20,9,294912,3456
11,1680,2720,5,4,20,20,9,294912,3456
11,1680,2736,5,4,20,20,9,294912,3456
11,1680,2752,5,4,20,20,9,294912,3456
11,1680,2768,5,4,20,20,9,294912,3456
11,1680,2784,5,4,20,20,9,294912,3456
11,1680,2800,5,4,20,20,9,294912,3456
11,1680,2816,5,4,20,20,9,294912,3456
11,1680,2832,5,4,20,20,9,294912,3456
11,1680,2848,5,4,20,20,9,294912,3456
11,1680,2864,5,4,20,20,9,294912,3456
11,1680,2880,5,4,20,20,9,294912,3456
11,1680,2896,5,4,20,20,9,294912,3456
11,1680,2912,5,4,20,20,9,294912,3456
11,1680,2928,5,4,20,20,9,294912,3456
11,1680,2944,5,4,20,20,9,294912,3456
11,1680,2960,5,4,20,20,9,294912,3456
11,1680,2976,5,4,20,20,9,294912,3456
11,1680,2992,5,4,20,20,9,294912,3456
11,1680,3008,5,4,20,20,9,294912,3456
11,1680,3024,5,4,20,20,9,294912,3456
11,1680,3040,5,4,20,20,9,294912,3456
11,1680,3056,5,4,20,20,9,294912,3456
11,1696,2048,5,4,20,20,6,196608,2304
11,1696,2064,14,2,28,20,10,266240,3360
11,1696,2080,14,2,28,20,10,270336,3392
11,1696,2096,14,2,28,20,10,274432,3424
11,1696,2112,14,2,28,20,10,278528,3456
11,1696,2128,14,2,28,20,10,282624,3488
11,1696,2144,14,2,28,20,10,286720,3520
11,1696,2160,14,2,28,20,10,290816,3552
11,1696,2176,14,2,28,20,10,294912,3584
11,1696,2192,14,2,28,20,10,299008,3616
11,1696,2208,2,9,18,18,7,229376,2688
11,1696,2224,2,9,18,18,7,229376,2688
11,1696,2240,2,9,18,18,7,229376,2688
11,1696,2256,2,9,18,18,7,229376,2688
11,1696,2272,2,9,18,18,7,229376,2688
11,1696,2288,2,9,18,18,7,229376,2688
11,1696,2304,2,9,18,18,7,229376,2688
11,1696,2320,2,10,20,20,7,229376,2688
11,1696,2336,2,10,20,20,7,229376,2688
11,1696,2352,2,10,20,20,7,229376,2688
11,1696,2368,2,10,20,20,7,229376,2688
11,1696,2384,2,10,20,20,7,229376,2688
11,1696,2400,2,10,20,20,7,229376,2688
11,1696,2416,2,10,20,20,7,229376,2688
11,1696,2432,2,10,20,20,7,229376,2688
11,1696,2448,2,10,20,20,7,229376,2688
11,1696,2464,2,10,20,20,7,229376,2688
11,1696,2480,2,10,20,20,7,229376,2688
11,1696,2496,2,10,20,20,7,229376,2688
11,1696,2512,2,10,20,20,7,229376,2688
11,1696,2528,2,10,20,20,7,229376,2688
11,1696,2544,2,10,20,20,7,229376,2688
11,1696,2560,2,10,20,20,7,229376,2688
11,1696,2576,14,2,28,20,12,331776,4128
11,1696,2592,14,2,28,20,12,335872,4160
11,1696,2608,5,4,20,20,9,294912,3456
11,1696,2624,5,4,20,20,9,294912,3456
11,1696,2640,5,4,20,20,9,294912,3456
11,1696,2656,5,4,20,20,9,294912,3456
11,1696,2672,5,4,20,20,9,294912,3456
11,1696,2688,5,4,20,20,9,294912,3456
11,1696,2704,5,4,20,20,9,294912,3456
11,1696,2720,5,4,20,20,9,294912,3456
11,1696,2736,5,4,20,20,9,294912,3456
11,1696,2752,5,4,20,20,9,294912,3456
11,1696,2768,5,4,20,20,9,294912,3456
11,1696,2784,5,4,20,20,9,294912,3456
11,1696,2800,5,4,20,20,9,294912,3456
11,1696,2816,5,4,20,20,9,294912,3456
11,1696,2832,5,4,20,20,9,294912,3456
11,1696,2848,5,4,20,20,9,294912,3456
11,1696,2864,5,4,20,20,9,294912,3456
11,1696,2880,5,4,20,20,9,294912,3456
11,1696,2896,5,4,20,20,9,294912,3456
11,1696,2912,5,4,20,20,9,294912,3456
11,1696,2928,5,4,20,20,9,294912,3456
11,1696,2944,5,4,20,20,9,294912,3456
11,1696,2960,5,4,20,20,9,294912,3456
11,1696,2976,5,4,20,20,9,294912,3456
11,1696,2992,5,4,20,20,9,294912,3456
11,1696,3008,5,4,20,20,9,294912,3456
11,1696,3024,5,4,20,20,9,294912,3456
11,1696,3040,5,4,20,20,9,294912,3456
11,1696,3056,5,4,20,20,9,294912,3456
11,1712,2048,5,4,20,20,6,196608,2304
11,1712,2064,14,2,28,20,10,266240,3360
11,1712,2080,14,2,28,20,10,270336,3392
11,1712,2096,14,2,28,20,10,274432,3424
11,1712,2112,14,2,28,20,10,278528,3456
11,1712,2128,14,2,28,20,10,282624,3488
11,1712,2144,14,2,28,20,10,286720,3520
11,1712,2160,14,2,28,20,10,290816,3552
11,1712,2176,14,2,28,20,10,294912,3584
11,1712,2192,14,2,28,20,10,299008,3616
11,1712,2208,2,9,18,18,7,229376,2688
11,1712,2224,2,9,18,18,7,229376,2688
11,1712,2240,2,9,18,18,7,229376,2688
11,1712,2256,2,9,18,18,7,229376,2688
11,1712,2272,2,9,18,18,7,229376,2688
11,1712,2288,2,9,18,18,7,229376,2688
11,1712,2304,2,9,18,18,7,229376,2688
11,1712,2320,2,10,20,20,7,229376,2688
11,1712,2336,2,10,20,20,7,229376,2688
11,1712,2352,2,10,20,20,7,229376,2688
11,1712,2368,2,10,20,20,7,229376,2688
11,1712,2384,2,10,20,20,7,229376,2688
11,1712,2400,2,10,20,20,7,229376,2688
11,1712,2416,2,10,20,20,7,229376,2688
11,1712,2432,2,10,20,20,7,229376,2688
11,1712,2448,2,10,20,20,7,229376,2688
11,1712,2464,2,10,20,20,7,229376,2688
11,1712,2480,2,10,20,20,7,229376,2688
11,1712,2496,2,10,20,20,7,229376,2688
11,1712,2512,2,10,20,20,7,229376,2688
11,1712,2528,2,10,20,20,7,229376,2688
11,1712,2544,2,10,20,20,7,229376,2688
11,1712,2560,2,10,20,20,7,229376,2688
11,1712,2576,14,2,28,20,12,331776,4128
11,1712,2592,14,2,28,20,12,335872,4160
11,1712,2608,5,4,20,20,9,294912,3456
11,1712,2624,5,4,20,20,9,294912,3456
11,1712,2640,5,4,20,20,9,294912,3456
11,1712,2656,5,4,20,20,9,294912,3456
11,1712,2672,5,4,20,20,9,294912,3456
11,1712,2688,5,4,20,20,9,294912,3456
11,1712,2704,5,4,20,20,9,294912,3456
11,1712,2720,5,4,20,20,9,294912,3456
11,1712,2736,5,4,20,20,9,294912,3456
11,1712,2752,5,4,20,20,9,294912,3456
11,1712,2768,5,4,20,20,9,294912,3456
11,1712,2784,5,4,20,20,9,294912,3456
11,1712,2800,5,4,20,20,9,294912,3456
11,1712,2816,5,4,20,20,9,294912,3456
11,1712,2832,5,4,20,20,9,294912,3456
11,1712,2848,5,4,20,20,9,294912,3456
11,1712,2864,5,4,20,20,9,294912,3456
11,1712,2880,5,4,20,20,9,294912,3456
11,1712,2896,5,4,20,20,9,294912,3456
11,1712,2912,5,4,20,20,9,294912,3456
11,1712,2928,5,4,20,20,9,294912,3456
11,1712,2944,5,4,20,20,9,294912,3456
11,1712,2960,5,4,20,20,9,294912,3456
11,1712,2976,5,4,20,20,9,294912,3456
11,1712,2992,5,4,20,20,9,294912,3456
11,1712,3008,5,4,20,20,9,294912,3456
11,1712,3024,5,4,20,20,9,294912,3456
11,1712,3040,5,4,20,20,9,294912,3456
11,1712,3056,5,4,20,20,9,294912,3456
11,1728,2048,5,4,20,20,6,196608,2304
11,1728,2064,14,2,28,20,10,266240,3360
11,1728,2080,14,2,28,20,10,270336,3392
11,1728,2096,14,2,28,20,10,274432,3424
11,1728,2112,14,2,28,20,10,278528,3456
11,1728,2128,14,2,28,20,10,282624,3488
11,1728,2144,14,2,28,20,10,286720,3520
11,1728,2160,14,2,28,20,10,290816,3552
11,1728,2176,14,2,28,20,10,294912,3584
11,1728,2192,14,2,28,20,10,299008,3616
11,1728,2208,2,9,18,18,7,229376,2688
11,1728,2224,2,9,18,18,7,229376,2688
11,1728,2240,2,9,18,18,7,229376,2688
11,1728,2256,2,9,18,18,7,229376,2688
11,1728,2272,2,9,18,18,7,229376,2688
11,1728,2288,2,9,18,18,7,229376,2688
11,1728,2304,2,9,18,18,7,229376,2688
11,1728,2320,2,10,20,20,7,229376,2688
11,1728,2336,2,10,20,20,7,229376,2688
11,1728,2352,2,10,20,20,7,229376,2688
11,1728,2368,2,10,20,20,7,229376,2688
11,1728,2384,2,10,20,20,7,229376,2688
11,1728,2400,2,10,20,20,7,229376,2688
11,1728,2416,2,10,20,20,7,229376,2688
11,1728,2432,2,10,20,20,7,229376,2688
11,1728,2448,2,10,20,20,7,229376,2688
11,1728,2464,2,10,20,20,7,229376,2688
11,1728,2480,2,10,20,20,7,229376,2688
11,1728,2496,2,10,20,20,7,229376,2688
11,1728,2512,2,10,20,20,7,229376,2688
11,1728,2528,2,10,20,20,7,229376,2688
11,1728,2544,2,10,20,20,7,229376,2688
11,1728,2560,2,10,20,20,7,229376,2688
11,1728,2576,14,2,28,20,12,331776,4128
11,1728,2592,14,2,28,20,12,335872,4160
11,1728,2608,5,4,20,20,9,294912,3456
11,1728,2624,5,4,20,20,9,294912,3456
11,1728,2640,5,4,20,20,9,294912,3456
11,1728,2656,5,4,20,20,9,294912,3456
11,1728,2672,5,4,20,20,9,294912,3456
11,1728,2688,5,4,20,20,9,294912,3456
11,1728,2704,5,4,20,20,9,294912,3456
11,1728,2720,5,4,20,20,9,294912,3456
11,1728,2736,5,4,20,20,9,294912,3456
11,1728,2752,5,4,20,20,9,294912,3456
11,1728,2768,5,4,20,20,9,294912,3456
11,1728,2784,5,4,20,20,9,294912,3456
11,1728,2800,5,4,20,20,9,294912,3456
11,1728,2816,5,4,20,20,9,294912,3456
11,1728,2832,5,4,20,20,9,294912,3456
11,1728,2848,5,4,20,20,9,294912,3456
11,1728,2864,5,4,20,20,9,294912,3456
11,1728,2880,5,4,20,20,9,294912,3456
11,1728,2896,5,4,20,20,9,294912,3456
11,1728,2912,5,4,20,20,9,294912,3456
11,1728,2928,5,4,20,20,9,294912,3456
11,1728,2944,5,4,20,20,9,294912,3456
11,1728,2960,5,4,20,20,9,294912,3456
11,1728,2976,5,4,20,20,9,294912,3456
11,1728,2992,5,4,20,20,9,294912,3456
11,1728,3008,5,4,20,20,9,294912,3456
11,1728,3024,5,4,20,20,9,294912,3456
11,1728,3040,5,4,20,20,9,294912,3456
11,1728,3056,5,4,20,20,9,294912,3456
11,1744,2048,5,4,20,20,6,196608,2304
11,1744,2064,14,2,28,20,10,266240,3360
11,1744,2080,14,2,28,20,10,270336,3392
11,1744,2096,14,2,28,20,10,274432,3424
11,1744,2112,14,2,28,20,10,278528,3456
11,1744,2128,14,2,28,20,10,282624,3488
11,1744,2144,14,2,28,20,10,286720,3520
11,1744,2160,14,2,28,20,10,290816,3552
11,1744,2176,14,2,28,20,10,294912,3584
11,1744,2192,14,2,28,20,10,299008,3616
11,1744,2208,2,9,18,18,7,229376,2688
11,1744,2224,2,9,18,18,7,229376,2688
11,1744,2240,2,9,18,18,7,229376,2688
11,1744,2256,2,9,18,18,7,229376,2688
11,1744,2272,2,9,18,18,7,229376,2688
11,1744,2288,2,9,18,18,7,229376,2688
11,1744,2304,2,9,18,18,7,229376,2688
11,1744,2320,2,10,20,20,7,229376,2688
11,1744,2336,2,10,20,20,7,229376,2688
11,1744,2352,2,10,20,20,7,229376,2688
11,1744,2368,2,10,20,20,7,229376,2688
11,1744,2384,2,10,20,20,7,229376,2688
11,1744,2400,2,10,20,20,7,229376,2688
11,1744,2416,2,10,20,20,7,229376,2688
11,1744,2432,2,10,20,20,7,229376,2688
11,1744,2448,2,10,20,20,7,229376,2688
11,1744,2464,2,10,20,20,7,229376,2688
11,1744,2480,2,10,20,20,7,229376,2688
11,1744,2496,2,10,20,20,7,229376,2688
11,1744,2512,2,10,20,20,7,229376,2688
11,1744,2528,2,10,20,20,7,229376,2688
11,1744,2544,2,10,20,20,7,229376,2688
11,1744,2560,2,10,20,20,7,229376,2688
11,1744,2576,14,2,28,20,12,331776,4128
11,1744,2592,14,2,28,20,12,335872,4160
11,1744,2608,5,4,20,20,9,294912,3456
11,1744,2624,5,4,20,20,9,294912,3456
11,1744,2640,5,4,20,20,9,294912,3456
11,1744,2656,5,4,20,20,9,294912,3456
11,1744,2672,5,4,20,20,9,294912,3456
11,1744,2688,5,4,20,20,9,294912,3456
11,1744,2704,5,4,20,20,9,294912,3456
11,1744,2720,5,4,20,20,9,294912,3456
11,1744,2736,5,4,20,20,9,294912,3456
11,1744,2752,5,4,20,20,9,294912,3456
11,1744,2768,5,4,20,20,9,294912,3456
11,1744,2784,5,4,20,20,9,294912,3456
11,1744,2800,5,4,20,20,9,294912,3456
11,1744,2816,5,4,20,20,9,294912,3456
11,1744,2832,5,4,20,20,9,294912,3456
11,1744,2848,5,4,20,20,9,294912,3456
11,1744,2864,5,4,20,20,9,294912,3456
11,1744,2880,5,4,20,20,9,294912,3456
11,1744,2896,5,4,20,20,9,294912,3456
11,1744,2912,5,4,20,20,9,294912,3456
11,1744,2928,5,4,20,20,9,294912,3456
11,1744,2944,5,4,20,20,9,294912,3456
11,1744,2960,5,4,20,20,9,294912,3456
11,1744,2976,5,4,20,20,9,294912,3456
11,1744,2992,5,4,20,20,9,294912,3456
11,1744,3008,5,4,20,20,9,294912,3456
11,1744,3024,5,4,20,20,9,294912,3456
11,1744,3040,5,4,20,20,9,294912,3456
11,1744,3056,5,4,20,20,9,294912,3456
11,1760,2048,5,4,20,20,6,196608,2304
11,1760,2064,14,2,28,20,10,266240,3360
11,1760,2080,14,2,28,20,10,270336,3392
11,1760,2096,14,2,28,20,10,274432,3424
11,1760,2112,14,2,28,20,10,278528,3456
11,1760,2128,14,2,28,20,10,282624,3488
11,1760,2144,14,2,28,20,10,286720,3520
11,1760,2160,14,2,28,20,10,290816,3552
11,1760,2176,14,2,28,20,10,294912,3584
11,1760,2192,14,2,28,20,10,299008,3616
11,1760,2208,2,9,18,18,7,229376,2688
11,1760,2224,2,9,18,18,7,229376,2688
11,1760,2240,2,9,18,18,7,229376,2688
11,1760,2256,2,9,18,18,7,229376,2688
11,1760,2272,2,9,18,18,7,229376,2688
11,1760,2288,2,9,18,18,7,229376,2688
11,1760,2304,2,9,18,18,7,229376,2688
11,1760,2320,2,10,20,20,7,229376,2688
11,1760,2336,2,10,20,20,7,229376,2688
11,1760,2352,2,10,20,20,7,229376,2688
11,1760,2368,2,10,20,20,7,229376,2688
11,1760,2384,2,10,20,20,7,229376,2688
11,1760,2400,2,10,20,20,7,229376,2688
11,1760,2416,2,10,20,20,7,229376,2688
11,1760,2432,2,10,20,20,7,229376,2688
11,1760,2448,2,10,20,20,7,229376,2688
11,1760,2464,2,10,20,20,7,229376,2688
11,1760,2480,2,10,20,20,7,229376,2688
11,1760,2496,2,10,20,20,7,229376,2688
11,1760,2512,2,10,20,20,7,229376,2688
11,1760,2528,2,10,20,20,7,229376,2688
11,1760,2544,2,10,20,20,7,229376,2688
11,1760,2560,2,10,20,20,7,229376,2688
11,1760,2576,14,2,28,20,12,331776,4128
11,1760,2592,14,2,28,20,12,335872,4160
11,1760,2608,5,4,20,20,9,294912,3456
11,1760,2624,5,4,20,20,9,294912,3456
11,1760,2640,5,4,20,20,9,294912,3456
11,1760,2656,5,4,20,20,9,294912,3456
11,1760,2672,5,4,20,20,9,294912,3456
11,1760,2688,5,4,20,20,9,294912,3456
11,1760,2704,5,4,20,20,9,294912,3456
11,1760,2720,5,4,20,20,9,294912,3456
11,1760,2736,5,4,20,20,9,294912,3456
11,1760,2752,5,4,20,20,9,294912,3456
11,1760,2768,5,4,20,20,9,294912,3456
11,1760,2784,5,4,20,20,9,294912,3456
11,1760,2800,5,4,20,20,9,294912,3456
11,1760,2816,5,4,20,20,9,294912,3456
11,1760,2832,5,4,20,20,9,294912,3456
11,1760,2848,5,4,20,20,9,294912,3456
11,1760,2864,5,4,20,20,9,294912,3456
11,1760,2880,5,4,20,20,9,294912,3456
11,1760,2896,5,4,20,20,9,294912,3456
11,1760,2912,5,4,20,20,9,294912,3456
11,1760,2928,5,4,20,20,9,294912,3456
11,1760,2944,5,4,20,20,9,294912,3456
11,1760,2960,5,4,20,20,9,294912,3456
11,1760,2976,5,4,20,20,9,294912,3456
11,1760,2992,5,4,20,20,9,294912,3456
11,1760,3008,5,4,20,20,9,294912,3456
11,1760,3024,5,4,20,20,9,294912,3456
11,1760,3040,5,4,20,20,9,294912,3456
11,1760,3056,5,4,20,20,9,294912,3456
11,1776,2048,5,4,20,20,6,196608,2304
11,1776,2064,14,2,28,20,10,266240,3360
11,1776,2080,14,2,28,20,10,270336,3392
11,1776,2096,14,2,28,20,10,274432,3424
11,1776,2112,14,2,28,20,10,278528,3456
11,1776,2128,14,2,28,20,10,282624,3488
11,1776,2144,14,2,28,20,10,286720,3520
11,1776,2160,14,2,28,20,10,290816,3552
11,1776,2176,14,2,28,20,10,294912,3584
11,1776,2192,14,2,28,20,10,299008,3616
11,1776,2208,2,9,18,18,7,229376,2688
11,1776,2224,2,9,18,18,7,229376,2688
11,1776,2240,2,9,18,18,7,229376,2688
11,1776,2256,2,9,18,18,7,229376,2688
11,1776,2272,2,9,18,18,7,229376,2688
11,1776,2288,2,9,18,18,7,229376,2688
11,1776,2304,2,9,18,18,7,229376,2688
11,1776,2320,2,10,20,20,7,229376,2688
11,1776,2336,2,10,20,20,7,229376,2688
11,1776,2352,2,10,20,20,7,229376,2688
11,1776,2368,2,10,20,20,7,229376,2688
11,1776,2384,2,10,20,20,7,229376,2688
11,1776,2400,2,10,20,20,7,229376,2688
11,1776,2416,2,10,20,20,7,229376,2688
11,1776,2432,2,10,20,20,7,229376,2688
11,1776,2448,2,10,20,20,7,229376,2688
11,1776,2464,2,10,20,20,7,229376,2688
11,1776,2480,2,10,20,20,7,229376,2688
11,1776,2496,2,10,20,20,7,229376,2688
11,1776,2512,2,10,20,20,7,229376,2688
11,1776,2528,2,10,20,20,7,229376,2688
11,1776,2544,2,10,20,20,7,229376,2688
11,1776,2560,2,10,20,20,7,229376,2688
11,1776,2576,14,2,28,20,12,331776,4128
11,1776,2592,14,2,28,20,12,335872,4160
11,1776,2608,5,4,20,20,9,294912,3456
11,1776,2624,5,4,20,20,9,294912,3456
11,1776,2640,5,4,20,20,9,294912,3456
11,1776,2656,5,4,20,20,9,294912,3456
11,1776,2672,5,4,20,20,9,294912,3456
11,1776,2688,5,4,20,20,9,294912,3456
11,1776,2704,5,4,20,20,9,294912,3456
11,1776,2720,5,4,20,20,9,294912,3456
11,1776,2736,5,4,20,20,9,294912,3456
11,1776,2752,5,4,20,20,9,294912,3456
11,1776,2768,5,4,20,20,9,294912,3456
11,1776,2784,5,4,20,20,9,294912,3456
11,1776,2800,5,4,20,20,9,294912,3456
11,1776,2816,5,4,20,20,9,294912,3456
11,1776,2832,5,4,20,20,9,294912,3456
11,1776,2848,5,4,20,20,9,294912,3456
11,1776,2864,5,4,20,20,9,294912,3456
11,1776,2880,5,4,20,20,9,294912,3456
11,1776,2896,5,4,20,20,9,294912,3456
11,1776,2912,5,4,20,20,9,294912,3456
11,1776,2928,5,4,20,20,9,294912,3456
11,1776,2944,5,4,20,20,9,294912,3456
11,1776,2960,5,4,20,20,9,294912,3456
11,1776,2976,5,4,20,20,9,294912,3456
11,1776,2992,5,4,20,20,9,294912,3456
11,1776,3008,5,4,20,20,9,294912,3456
11,1776,3024,5,4,20,20,9,294912,3456
11,1776,3040,5,4,20,20,9,294912,3456
11,1776,3056,5,4,20,20,9,294912,3456
12,1280,4096,10,2,20,20,8,262144,3072
12,1280,4112,10,2,20,20,9,264192,3216
12,1280,4128,10,2,20,20,9,266240,3232
12,1280,4144,10,2,20,20,9,268288,3248
12,1280,4160,10,2,20,20,9,270336,3264
12,1280,4176,10,2,20,20,9,272384,3280
12,1280,4192,10,2,20,20,9,274432,3296
12,1280,4208,10,2,20,20,9,276480,3312
12,1280,4224,10,2,20,20,9,278528,3328
12,1280,4240,10,2,20,20,9,280576,3344
12,1280,4256,10,2,20,20,9,282624,3360
12,1280,4272,10,2,20,20,9,284672,3376
12,1280,4288,10,2,20,20,9,286720,3392
12,1280,4304,10,2,20,20,9,288768,3408
12,1280,4320,10,2,20,20,9,290816,3424
12,1280,4336,10,2,20,20,9,292864,3440
12,1280,4352,10,2,20,20,9,294912,3456
12,1280,4368,10,2,20,20,9,294912,3456
12,1280,4384,10,2,20,20,9,294912,3456
12,1280,4400,10,2,20,20,9,294912,3456
12,1280,4416,10,2,20,20,9,294912,3456
12,1280,4432,10,2,20,20,9,294912,3456
12,1280,4448,10,2,20,20,9,294912,3456
12,1280,4464,10,2,20,20,9,294912,3456
12,1280,4480,10,2,20,20,9,294912,3456
12,1280,4496,10,2,20,20,9,294912,3456
12,1280,4512,10,2,20,20,9,294912,3456
12,1280,4528,10,2,20,20,9,294912,3456
12,1280,4544,10,2,20,20,9,294912,3456
12,1280,4560,10,2,20,20,9,294912,3456
12,1280,4576,10,2,20,20,9,294912,3456
12,1280,4592,10,2,20,20,9,294912,3456
12,1280,4608,10,2,20,20,9,294912,3456
12,1280,4624,10,2,20,20,10,296960,3600
12,1280,4640,10,2,20,20,10,299008,3616
12,1280,4656,10,2,20,20,10,301056,3632
12,1280,4672,10,2,20,20,10,303104,3648
12,1280,4688,10,2,20,20,10,305152,3664
12,1280,4704,10,2,20,20,10,307200,3680
12,1280,4720,10,2,20,20,10,309248,3696
12,1280,4736,10,2,20,20,10,311296,3712
12,1280,4752,10,2,20,20,10,313344,3728
12,1280,4768,10,2,20,20,10,315392,3744
12,1280,4784,10,2,20,20,10,317440,3760
12,1280,4800,10,2,20,20,10,319488,3776
12,1280,4816,10,2,20,20,10,321536,3792
12,1280,4832,10,2,20,20,10,323584,3808
12,1280,4848,10,2,20,20,10,325632,3824
12,1280,4864,10,2,20,20,10,327680,3840
12,1280,4880,10,2,20,20,10,327680,3840
12,1280,4896,10,2,20,20,10,327680,3840
12,1280,4912,10,2,20,20,10,327680,3840
12,1280,4928,10,2,20,20,10,327680,3840
12,1280,4944,10,2,20,20,10,327680,3840
12,1280,4960,10,2,20,20,10,327680,3840
12,1280,4976,10,2,20,20,10,327680,3840
12,1280,4992,10,2,20,20,10,327680,3840
12,1280,5008,10,2,20,20,10,327680,3840
12,1280,5024,10,2,20,20,10,327680,3840
12,1280,5040,10,2,20,20,10,327680,3840
12,1280,5056,10,2,20,20,10,327680,3840
12,1280,5072,10,2,20,20,10,327680,3840
12,1280,5088,10,2,20,20,10,327680,3840
12,1280,5104,10,2,20,20,10,327680,3840
12,1280,5120,10,2,20,20,10,327680,3840
12,1280,5136,10,2,20,20,11,329728,3984
12,1280,5152,10,2,20,20,11,331776,4000
12,1280,5168,10,2,20,20,11,333824,4016
12,1280,5184,10,2,20,20,11,335872,4032
12,1280,5200,10,2,20,20,11,337920,4048
12,1280,5216,10,2,20,20,11,339968,4064
12,1280,5232,10,2,20,20,11,342016,4080
12,1280,5248,10,2,20,20,11,344064,4096
12,1280,5264,10,2,20,20,11,346112,4112
12,1280,5280,10,2,20,20,11,348160,4128
12,1280,5296,10,2,20,20,11,350208,4144
12,1280,5312,10,2,20,20,11,352256,4160
12,1280,5328,10,2,20,20,11,354304,4176
12,1280,5344,10,2,20,20,11,356352,4192
12,1280,5360,10,2,20,20,11,358400,4208
12,1280,5376,10,2,20,20,11,360448,4224
12,1280,5392,10,2,20,20,11,360448,4224
12,1280,5408,10,2,20,20,11,360448,4224
12,1280,5424,10,2,20,20,11,360448,4224
12,1280,5440,10,2,20,20,11,360448,4224
12,1280,5456,10,2,20,20,11,360448,4224
12,1280,5472,10,2,20,20,11,360448,4224
12,1280,5488,10,2,20,20,11,360448,4224
12,1280,5504,10,2,20,20,11,360448,4224
12,1280,5520,10,2,20,20,11,360448,4224
12,1280,5536,10,2,20,20,11,360448,4224
12,1280,5552,10,2,20,20,11,360448,4224
12,1280,5568,10,2,20,20,11,360448,4224
12,1280,5584,10,2,20,20,11,360448,4224
12,1280,5600,10,2,20,20,11,360448,4224
12,1280,5616,10,2,20,20,11,360448,4224
12,1280,5632,10,2,20,20,11,360448,4224
12,1280,5648,10,2,20,20,12,362496,4368
12,1280,5664,10,2,20,20,12,364544,4384
12,1280,5680,10,2,20,20,12,366592,4400
12,1280,5696,10,2,20,20,12,368640,4416
12,1280,5712,10,2,20,20,12,370688,4432
12,1280,5728,10,2,20,20,12,372736,4448
12,1280,5744,10,2,20,20,12,374784,4464
12,1280,5760,10,2,20,20,12,376832,4480
12,1280,5776,10,2,20,20,12,378880,4496
12,1280,5792,10,2,20,20,12,380928,4512
12,1280,5808,10,2,20,20,12,382976,4528
12,1280,5824,10,2,20,20,12,385024,4544
12,1280,5840,10,2,20,20,12,387072,4560
12,1280,5856,10,2,20,20,12,389120,4576
12,1280,5872,10,2,20,20,12,391168,4592
12,1280,5888,10,2,20,20,12,393216,4608
12,1280,5904,10,2,20,20,12,393216,4608
12,1280,5920,10,2,20,20,12,393216,4608
12,1280,5936,10,2,20,20,12,393216,4608
12,1280,5952,10,2,20,20,12,393216,4608
12,1280,5968,10,2,20,20,12,393216,4608
12,1280,5984,10,2,20,20,12,393216,4608
12,1280,6000,10,2,20,20,12,393216,4608
12,1280,6016,10,2,20,20,12,393216,4608
12,1280,6032,10,2,20,20,12,393216,4608
12,1280,6048,10,2,20,20,12,393216,4608
12,1280,6064,10,2,20,20,12,393216,4608
12,1280,6080,10,2,20,20,12,393216,4608
12,1280,6096,10,2,20,20,12,393216,4608
12,1280,6112,10,2,20,20,12,393216,4608
12,1280,6128,10,2,20,20,12,393216,4608
12,1296,4096,11,2,22,20,16,294912,5248
12,1296,4112,11,2,22,20,18,297216,5424
12,1296,4128,11,2,22,20,18,299520,5456
12,1296,4144,11,2,22,20,18,301824,5488
12,1296,4160,11,2,22,20,18,304128,5520
12,1296,4176,11,2,22,20,18,306432,5552
12,1296,4192,11,2,22,20,18,308736,5584
12,1296,4208,11,2,22,20,18,311040,5616
12,1296,4224,11,2,22,20,18,313344,5648
12,1296,4240,11,2,22,20,18,315648,5680
12,1296,4256,11,2,22,20,18,317952,5712
12,1296,4272,11,2,22,20,18,320256,5744
12,1296,4288,11,2,22,20,18,322560,5776
12,1296,4304,11,2,22,20,18,324864,5808
12,1296,4320,11,2,22,20,18,327168,5840
12,1296,4336,11,2,22,20,18,329472,5872
12,1296,4352,11,2,22,20,18,331776,5904
12,1296,4368,11,2,22,20,18,331776,5904
12,1296,4384,11,2,22,20,18,331776,5904
12,1296,4400,11,2,22,20,18,331776,5904
12,1296,4416,11,2,22,20,18,331776,5904
12,1296,4432,11,2,22,20,18,331776,5904
12,1296,4448,11,2,22,20,18,331776,5904
12,1296,4464,11,2,22,20,18,331776,5904
12,1296,4480,11,2,22,20,18,331776,5904
12,1296,4496,11,2,22,20,18,331776,5904
12,1296,4512,11,2,22,20,18,331776,5904
12,1296,4528,11,2,22,20,18,331776,5904
12,1296,4544,11,2,22,20,18,331776,5904
12,1296,4560,11,2,22,20,18,331776,5904
12,1296,4576,11,2,22,20,18,331776,5904
12,1296,4592,11,2,22,20,18,331776,5904
12,1296,4608,11,2,22,20,18,331776,5904
12,1296,4624,11,2,22,20,20,334080,6080
12,1296,4640,11,2,22,20,20,336384,6112
12,1296,4656,11,2,22,20,20,338688,6144
12,1296,4672,11,2,22,20,20,340992,6176
12,1296,4688,11,2,22,20,20,343296,6208
12,1296,4704,11,2,22,20,20,345600,6240
12,1296,4720,11,2,22,20,20,347904,6272
12,1296,4736,11,2,22,20,20,350208,6304
12,1296,4752,11,2,22,20,20,352512,6336
12,1296,4768,11,2,22,20,20,354816,6368
12,1296,4784,11,2,22,20,20,357120,6400
12,1296,4800,11,2,22,20,20,359424,6432
12,1296,4816,11,2,22,20,20,361728,6464
12,1296,4832,11,2,22,20,20,364032,6496
12,1296,4848,11,2,22,20,20,366336,6528
12,1296,4864,11,2,22,20,20,368640,6560
12,1296,4880,11,2,22,20,20,368640,6560
12,1296,4896,11,2,22,20,20,368640,6560
12,1296,4912,11,2,22,20,20,368640,6560
12,1296,4928,11,2,22,20,20,368640,6560
12,1296,4944,11,2,22,20,20,368640,6560
12,1296,4960,11,2,22,20,20,368640,6560
12,1296,4976,11,2,22,20,20,368640,6560
12,1296,4992,11,2,22,20,20,368640,6560
12,1296,5008,11,2,22,20,20,368640,6560
12,1296,5024,11,2,22,20,20,368640,6560
12,1296,5040,11,2,22,20,20,368640,6560
12,1296,5056,11,2,22,20,20,368640,6560
12,1296,5072,11,2,22,20,20,368640,6560
12,1296,5088,11,2,22,20,20,368640,6560
12,1296,5104,11,2,22,20,20,368640,6560
12,1296,5120,11,2,22,20,20,368640,6560
12,1296,5136,11,2,22,20,22,370944,6736
12,1296,5152,11,2,22,20,22,373248,6768
12,1296,5168,11,2,22,20,22,375552,6800
12,1296,5184,11,2,22,20,22,377856,6832
12,1296,5200,11,2,22,20,22,380160,6864
12,1296,5216,11,2,22,20,22,382464,6896
12,1296,5232,11,2,22,20,22,384768,6928
12,1296,5248,11,2,22,20,22,387072,6960
12,1296,5264,11,2,22,20,22,389376,6992
12,1296,5280,11,2,22,20,22,391680,7024
12,1296,5296,11,2,22,20,22,393984,7056
12,1296,5312,11,2,22,20,22,396288,7088
12,1296,5328,11,2,22,20,22,398592,7120
12,1296,5344,11,2,22,20,22,400896,7152
12,1296,5360,11,2,22,20,22,403200,7184
12,1296,5376,11,2,22,20,22,405504,7216
12,1296,5392,11,2,22,20,22,405504,7216
12,1296,5408,11,2,22,20,22,405504,7216
12,1296,5424,11,2,22,20,22,405504,7216
12,1296,5440,11,2,22,20,22,405504,7216
12,1296,5456,11,2,22,20,22,405504,7216
12,1296,5472,11,2,22,20,22,405504,7216
12,1296,5488,11,2,22,20,22,405504,7216
12,1296,5504,11,2,22,20,22,405504,7216
12,1296,5520,11,2,22,20,22,405504,7216
12,1296,5536,11,2,22,20,22,405504,7216
12,1296,5552,11,2,22,20,22,405504,7216
12,1296,5568,11,2,22,20,22,405504,7216
12,1296,5584,11,2,22,20,22,405504,7216
12,1296,5600,11,2,22,20,22,405504,7216
12,1296,5616,11,2,22,20,22,405504,7216
12,1296,5632,11,2,22,20,22,405504,7216
12,1296,5648,11,2,22,20,24,407808,7392
12,1296,5664,11,2,22,20,24,410112,7424
12,1296,5680,11,2,22,20,24,412416,7456
12,1296,5696,11,2,22,20,24,414720,7488
12,1296,5712,11,2,22,20,24,417024,7520
12,1296,5728,11,2,22,20,24,419328,7552
12,1296,5744,11,2,22,20,24,421632,7584
12,1296,5760,11,2,22,20,24,423936,7616
12,1296,5776,11,2,22,20,24,426240,7648
12,1296,5792,11,2,22,20,24,428544,7680
12,1296,5808,11,2,22,20,24,430848,7712
12,1296,5824,11,2,22,20,24,433152,7744
12,1296,5840,11,2,22,20,24,435456,7776
12,1296,5856,11,2,22,20,24,437760,7808
12,1296,5872,11,2,22,20,24,440064,7840
12,1296,5888,11,2,22,20,24,442368,7872
12,1296,5904,11,2,22,20,24,442368,7872
12,1296,5920,11,2,22,20,24,442368,7872
12,1296,5936,11,2,22,20,24,442368,7872
12,1296,5952,11,2,22,20,24,442368,7872
12,1296,5968,11,2,22,20,24,442368,7872
12,1296,5984,11,2,22,20,24,442368,7872
12,1296,6000,11,2,22,20,24,442368,7872
12,1296,6016,11,2,22,20,24,442368,7872
12,1296,6032,11,2,22,20,24,442368,7872
12,1296,6048,11,2,22,20,24,442368,7872
12,1296,6064,11,2,22,20,24,442368,7872
12,1296,6080,11,2,22,20,24,442368,7872
12,1296,6096,11,2,22,20,24,442368,7872
12,1296,6112,11,2,22,20,24,442368,7872
12,1296,6128,11,2,22,20,24,442368,7872
12,1312,4096,11,2,22,20,16,327680,5376
12,1312,4112,11,2,22,20,18,330240,5568
12,1312,4128,11,2,22,20,18,332800,5600
12,1312,4144,11,2,22,20,18,335360,5632
12,1312,4160,11,2,22,20,18,337920,5664
12,1312,4176,11,2,22,20,18,340480,5696
12,1312,4192,11,2,22,20,18,343040,5728
12,1312,4208,11,2,22,20,18,345600,5760
12,1312,4224,11,2,22,20,18,348160,5792
12,1312,4240,11,2,22,20,18,350720,5824
12,1312,4256,11,2,22,20,18,353280,5856
12,1312,4272,11,2,22,20,18,355840,5888
12,1312,4288,11,2,22,20,18,358400,5920
12,1312,4304,11,2,22,20,18,360960,5952
12,1312,4320,11,2,22,20,18,363520,5984
12,1312,4336,11,2,22,20,18,366080,6016
12,1312,4352,11,2,22,20,18,368640,6048
12,1312,4368,11,2,22,20,18,368640,6048
12,1312,4384,11,2,22,20,18,368640,6048
12,1312,4400,11,2,22,20,18,368640,6048
12,1312,4416,11,2,22,20,18,368640,6048
12,1312,4432,11,2,22,20,18,368640,6048
12,1312,4448,11,2,22,20,18,368640,6048
12,1312,4464,11,2,22,20,18,368640,6048
12,1312,4480,11,2,22,20,18,368640,6048
12,1312,4496,11,2,22,20,18,368640,6048
12,1312,4512,11,2,22,20,18,368640,6048
12,1312,4528,11,2,22,20,18,368640,6048
12,1312,4544,11,2,22,20,18,368640,6048
12,1312,4560,11,2,22,20,18,368640,6048
12,1312,4576,11,2,22,20,18,368640,6048
12,1312,4592,11,2,22,20,18,368640,6048
12,1312,4608,11,2,22,20,18,368640,6048
12,1312,4624,11,2,22,20,20,371200,6240
12,1312,4640,11,2,22,20,20,373760,6272
12,1312,4656,11,2,22,20,20,376320,6304
12,1312,4672,11,2,22,20,20,378880,6336
12,1312,4688,11,2,22,20,20,381440,6368
12,1312,4704,11,2,22,20,20,384000,6400
12,1312,4720,11,2,22,20,20,386560,6432
12,1312,4736,11,2,22,20,20,389120,6464
12,1312,4752,11,2,22,20,20,391680,6496
12,1312,4768,2,10,20,20,12,344064,4416
12,1312,4784,2,10,20,20,12,344064,4416
12,1312,4800,2,10,20,20,12,344064,4416
12,1312,4816,2,10,20,20,12,344064,4416
12,1312,4832,2,10,20,20,12,344064,4416
12,1312,4848,2,10,20,20,12,344064,4416
12,1312,4864,2,10,20,20,12,344064,4416
12,1312,4880,1,20,20,20,11,335872,4128
12,1312,4896,1,20,20,20,11,335872,4128
12,1312,4912,1,20,20,20,11,335872,4128
12,1312,4928,1,20,20,20,11,335872,4128
12,1312,4944,1,20,20,20,11,335872,4128
12,1312,4960,1,20,20,20,11,335872,4128
12,1312,4976,1,20,20,20,11,335872,4128
12,1312,4992,1,20,20,20,11,335872,4128
12,1312,5008,1,20,20,20,11,335872,4128
12,1312,5024,1,20,20,20,11,335872,4128
12,1312,5040,1,20,20,20,11,335872,4128
12,1312,5056,1,20,20,20,11,335872,4128
12,1312,5072,1,20,20,20,11,335872,4128
12,1312,5088,1,20,20,20,11,335872,4128
12,1312,5104,1,20,20,20,11,335872,4128
12,1312,5120,1,20,20,20,11,335872,4128
12,1312,5136,2,10,20,20,18,354816,5184
12,1312,5152,11,2,22,20,22,414720,6944
12,1312,5168,11,2,22,20,22,417280,6976
12,1312,5184,11,2,22,20,22,419840,7008
12,1312,5200,11,2,22,20,22,422400,7040
12,1312,5216,11,2,22,20,22,424960,7072
12,1312,5232,11,2,22,20,22,427520,7104
12,1312,5248,11,2,22,20,22,430080,7136
12,1312,5264,11,2,22,20,22,432640,7168
12,1312,5280,11,2,22,20,22,435200,7200
12,1312,5296,11,2,22,20,22,437760,7232
12,1312,5312,11,2,22,20,22,440320,7264
12,1312,5328,11,2,22,20,22,442880,7296
12,1312,5344,11,2,22,20,22,445440,7328
12,1312,5360,11,2,22,20,22,448000,7360
12,1312,5376,11,2,22,20,22,450560,7392
12,1312,5392,11,2,22,20,22,450560,7392
12,1312,5408,11,2,22,20,22,450560,7392
12,1312,5424,11,2,22,20,22,450560,7392
12,1312,5440,11,2,22,20,22,450560,7392
12,1312,5456,11,2,22,20,22,450560,7392
12,1312,5472,11,2,22,20,22,450560,7392
12,1312,5488,11,2,22,20,22,450560,7392
12,1312,5504,11,2,22,20,22,450560,7392
12,1312,5520,11,2,22,20,22,450560,7392
12,1312,5536,11,2,22,20,22,450560,7392
12,1312,5552,11,2,22,20,22,450560,7392
12,1312,5568,11,2,22,20,22,450560,7392
12,1312,5584,11,2,22,20,22,450560,7392
12,1312,5600,11,2,22,20,22,450560,7392
12,1312,5616,11,2,22,20,22,450560,7392
12,1312,5632,11,2,22,20,22,450560,7392
12,1312,5648,11,2,22,20,24,453120,7584
12,1312,5664,11,2,22,20,24,455680,7616
12,1312,5680,11,2,22,20,24,458240,7648
12,1312,5696,11,2,22,20,24,460800,7680
12,1312,5712,11,2,22,20,24,463360,7712
12,1312,5728,11,2,22,20,24,465920,7744
12,1312,5744,11,2,22,20,24,468480,7776
12,1312,5760,11,2,22,20,24,471040,7808
12,1312,5776,11,2,22,20,24,473600,7840
12,1312,5792,11,2,22,20,24,476160,7872
12,1312,5808,11,2,22,20,24,478720,7904
12,1312,5824,11,2,22,20,24,481280,7936
12,1312,5840,11,2,22,20,24,483840,7968
12,1312,5856,11,2,22,20,24,486400,8000
12,1312,5872,11,2,22,20,24,488960,8032
12,1312,5888,11,2,22,20,24,491520,8064
12,1312,5904,11,2,22,20,24,491520,8064
12,1312,5920,11,2,22,20,24,491520,8064
12,1312,5936,11,2,22,20,24,491520,8064
12,1312,5952,11,2,22,20,24,491520,8064
12,1312,5968,11,2,22,20,24,491520,8064
12,1312,5984,11,2,22,20,24,491520,8064
12,1312,6000,11,2,22,20,24,491520,8064
12,1312,6016,11,2,22,20,24,491520,8064
12,1312,6032,11,2,22,20,24,491520,8064
12,1312,6048,11,2,22,20,24,491520,8064
12,1312,6064,11,2,22,20,24,491520,8064
12,1312,6080,11,2,22,20,24,491520,8064
12,1312,6096,11,2,22,20,24,491520,8064
12,1312,6112,11,2,22,20,24,491520,8064
12,1312,6128,11,2,22,20,24,491520,8064
12,1328,4096,5,4,20,20,12,311296,4288
12,1328,4112,5,4,20,20,15,316160,4640
12,1328,4128,11,2,22,20,18,366080,5744
12,1328,4144,11,2,22,20,18,368896,5776
12,1328,4160,11,2,22,20,18,371712,5808
12,1328,4176,11,2,22,20,18,374528,5840
12,1328,4192,11,2,22,20,18,377344,5872
12,1328,4208,11,2,22,20,18,380160,5904
12,1328,4224,11,2,22,20,18,382976,5936
12,1328,4240,11,2,22,20,18,385792,5968
12,1328,4256,11,2,22,20,18,388608,6000
12,1328,4272,11,2,22,20,18,391424,6032
12,1328,4288,11,2,22,20,18,394240,6064
12,1328,4304,11,2,22,20,18,397056,6096
12,1328,4320,11,2,22,20,18,399872,6128
12,1328,4336,2,10,20,20,12,352256,4448
12,1328,4352,2,10,20,20,12,352256,4448
12,1328,4368,2,10,20,20,12,352256,4448
12,1328,4384,2,10,20,20,12,352256,4448
12,1328,4400,2,10,20,20,12,352256,4448
12,1328,4416,2,10,20,20,12,352256,4448
12,1328,4432,2,10,20,20,12,352256,4448
12,1328,4448,2,10,20,20,12,352256,4448
12,1328,4464,2,10,20,20,12,352256,4448
12,1328,4480,2,10,20,20,12,352256,4448
12,1328,4496,2,10,20,20,12,352256,4448
12,1328,4512,2,10,20,20,12,352256,4448
12,1328,4528,2,10,20,20,12,352256,4448
12,1328,4544,2,10,20,20,12,352256,4448
12,1328,4560,2,10,20,20,12,352256,4448
12,1328,4576,2,10,20,20,12,352256,4448
12,1328,4592,2,10,20,20,12,352256,4448
12,1328,4608,2,10,20,20,12,352256,4448
12,1328,4624,2,10,20,20,12,352256,4448
12,1328,4640,2,10,20,20,12,352256,4448
12,1328,4656,2,10,20,20,12,352256,4448
12,1328,4672,2,10,20,20,12,352256,4448
12,1328,4688,2,10,20,20,12,352256,4448
12,1328,4704,2,10,20,20,12,352256,4448
12,1328,4720,2,10,20,20,12,352256,4448
12,1328,4736,2,10,20,20,12,352256,4448
12,1328,4752,2,10,20,20,12,352256,4448
12,1328,4768,2,10,20,20,12,352256,4448
12,1328,4784,2,10,20,20,12,352256,4448
12,1328,4800,2,10,20,20,12,352256,4448
12,1328,4816,2,10,20,20,12,352256,4448
12,1328,4832,2,10,20,20,12,352256,4448
12,1328,4848,2,10,20,20,12,352256,4448
12,1328,4864,2,10,20,20,12,352256,4448
12,1328,4880,1,20,20,20,11,339968,4144
12,1328,4896,1,20,20,20,11,339968,4144
12,1328,4912,1,20,20,20,11,339968,4144
12,1328,4928,1,20,20,20,11,339968,4144
12,1328,4944,1,20,20,20,11,339968,4144
12,1328,4960,1,20,20,20,11,339968,4144
12,1328,4976,1,20,20,20,11,339968,4144
12,1328,4992,1,20,20,20,11,339968,4144
12,1328,5008,1,20,20,20,11,339968,4144
12,1328,5024,1,20,20,20,11,339968,4144
12,1328,5040,1,20,20,20,11,339968,4144
12,1328,5056,1,20,20,20,11,339968,4144
12,1328,5072,1,20,20,20,11,339968,4144
12,1328,5088,1,20,20,20,11,339968,4144
12,1328,5104,1,20,20,20,11,339968,4144
12,1328,5120,1,20,20,20,11,339968,4144
12,1328,5136,2,10,20,20,18,363264,5232
12,1328,5152,2,10,20,20,18,374272,5328
12,1328,5168,2,10,20,20,18,385280,5424
12,1328,5184,2,10,20,20,18,396288,5520
12,1328,5200,11,2,22,20,22,464640,7216
12,1328,5216,11,2,22,20,22,467456,7248
12,1328,5232,11,2,22,20,22,470272,7280
12,1328,5248,11,2,22,20,22,473088,7312
12,1328,5264,11,2,22,20,22,475904,7344
12,1328,5280,11,2,22,20,22,478720,7376
12,1328,5296,11,2,22,20,22,481536,7408
12,1328,5312,11,2,22,20,22,484352,7440
12,1328,5328,11,2,22,20,22,487168,7472
12,1328,5344,11,2,22,20,22,489984,7504
12,1328,5360,11,2,22,20,22,492800,7536
12,1328,5376,11,2,22,20,22,495616,7568
12,1328,5392,11,2,22,20,22,495616,7568
12,1328,5408,11,2,22,20,22,495616,7568
12,1328,5424,11,2,22,20,22,495616,7568
12,1328,5440,11,2,22,20,22,495616,7568
12,1328,5456,11,2,22,20,22,495616,7568
12,1328,5472,11,2,22,20,22,495616,7568
12,1328,5488,11,2,22,20,22,495616,7568
12,1328,5504,11,2,22,20,22,495616,7568
12,1328,5520,11,2,22,20,22,495616,7568
12,1328,5536,11,2,22,20,22,495616,7568
12,1328,5552,11,2,22,20,22,495616,7568
12,1328,5568,11,2,22,20,22,495616,7568
12,1328,5584,11,2,22,20,22,495616,7568
12,1328,5600,11,2,22,20,22,495616,7568
12,1328,5616,11,2,22,20,22,495616,7568
12,1328,5632,11,2,22,20,22,495616,7568
12,1328,5648,11,2,22,20,24,498432,7776
12,1328,5664,11,2,22,20,24,501248,7808
12,1328,5680,11,2,22,20,24,504064,7840
12,1328,5696,11,2,22,20,24,506880,7872
12,1328,5712,11,2,22,20,24,509696,7904
12,1328,5728,11,2,22,20,24,512512,7936
12,1328,5744,11,2,22,20,24,515328,7968
12,1328,5760,11,2,22,20,24,518144,8000
12,1328,5776,11,2,22,20,24,520960,8032
12,1328,5792,11,2,22,20,24,523776,8064
12,1328,5808,11,2,22,20,24,526592,8096
12,1328,5824,11,2,22,20,24,529408,8128
12,1328,5840,11,2,22,20,24,532224,8160
12,1328,5856,5,4,20,20,18,466944,6432
12,1328,5872,5,4,20,20,18,466944,6432
12,1328,5888,5,4,20,20,18,466944,6432
12,1328,5904,5,4,20,20,18,466944,6432
12,1328,5920,5,4,20,20,18,466944,6432
12,1328,5936,5,4,20,20,18,466944,6432
12,1328,5952,5,4,20,20,18,466944,6432
12,1328,5968,5,4,20,20,18,466944,6432
12,1328,5984,5,4,20,20,18,466944,6432
12,1328,6000,5,4,20,20,18,466944,6432
12,1328,6016,5,4,20,20,18,466944,6432
12,1328,6032,5,4,20,20,18,466944,6432
12,1328,6048,5,4,20,20,18,466944,6432
12,1328,6064,5,4,20,20,18,466944,6432
12,1328,6080,5,4,20,20,18,466944,6432
12,1328,6096,5,4,20,20,18,466944,6432
12,1328,6112,5,4,20,20,18,466944,6432
12,1328,6128,5,4,20,20,18,466944,6432
12,1344,4096,5,4,20,20,12,327680,4352
12,1344,4112,5,4,20,20,15,332800,4720
12,1344,4128,5,4,20,20,15,337920,4768
12,1344,4144,5,4,20,20,15,343040,4816
12,1344,4160,5,4,20,20,15,348160,4864
12,1344,4176,5,4,20,20,15,353280,4912
12,1344,4192,5,4,20,20,15,358400,4960
12,1344,4208,2,10,20,20,12,360448,4480
12,1344,4224,2,10,20,20,12,360448,4480
12,1344,4240,2,10,20,20,12,360448,4480
12,1344,4256,2,10,20,20,12,360448,4480
12,1344,4272,2,10,20,20,12,360448,4480
12,1344,4288,2,10,20,20,12,360448,4480
12,1344,4304,2,10,20,20,12,360448,4480
12,1344,4320,2,10,20,20,12,360448,4480
12,1344,4336,2,10,20,20,12,360448,4480
12,1344,4352,2,10,20,20,12,360448,4480
12,1344,4368,2,10,20,20,12,360448,4480
12,1344,4384,2,10,20,20,12,360448,4480
12,1344,4400,2,10,20,20,12,360448,4480
12,1344,4416,2,10,20,20,12,360448,4480
12,1344,4432,2,10,20,20,12,360448,4480
12,1344,4448,2,10,20,20,12,360448,4480
12,1344,4464,2,10,20,20,12,360448,4480
12,1344,4480,2,10,20,20,12,360448,4480
12,1344,4496,2,10,20,20,12,360448,4480
12,1344,4512,2,10,20,20,12,360448,4480
12,1344,4528,2,10,20,20,12,360448,4480
12,1344,4544,2,10,20,20,12,360448,4480
12,1344,4560,2,10,20,20,12,360448,4480
12,1344,4576,2,10,20,20,12,360448,4480
12,1344,4592,2,10,20,20,12,360448,4480
12,1344,4608,2,10,20,20,12,360448,4480
12,1344,4624,2,10,20,20,12,360448,4480
12,1344,4640,2,10,20,20,12,360448,4480
12,1344,4656,2,10,20,20,12,360448,4480
12,1344,4672,2,10,20,20,12,360448,4480
12,1344,4688,2,10,20,20,12,360448,4480
12,1344,4704,2,10,20,20,12,360448,4480
12,1344,4720,2,10,20,20,12,360448,4480
12,1344,4736,2,10,20,20,12,360448,4480
12,1344,4752,2,10,20,20,12,360448,4480
12,1344,4768,2,10,20,20,12,360448,4480
12,1344,4784,2,10,20,20,12,360448,4480
12,1344,4800,2,10,20,20,12,360448,4480
12,1344,4816,2,10,20,20,12,360448,4480
12,1344,4832,2,10,20,20,12,360448,4480
12,1344,4848,2,10,20,20,12,360448,4480
12,1344,4864,2,10,20,20,12,360448,4480
12,1344,4880,1,20,20,20,11,344064,4160
12,1344,4896,1,20,20,20,11,344064,4160
12,1344,4912,1,20,20,20,11,344064,4160
12,1344,4928,1,20,20,20,11,344064,4160
12,1344,4944,1,20,20,20,11,344064,4160
12,1344,4960,1,20,20,20,11,344064,4160
12,1344,4976,1,20,20,20,11,344064,4160
12,1344,4992,1,20,20,20,11,344064,4160
12,1344,5008,1,20,20,20,11,344064,4160
12,1344,5024,1,20,20,20,11,344064,4160
12,1344,5040,1,20,20,20,11,344064,4160
12,1344,5056,1,20,20,20,11,344064,4160
12,1344,5072,1,20,20,20,11,344064,4160
12,1344,5088,1,20,20,20,11,344064,4160
12,1344,5104,1,20,20,20,11,344064,4160
12,1344,5120,1,20,20,20,11,344064,4160
12,1344,5136,4,5,20,20,15,399360,5040
12,1344,5152,4,5,20,20,15,405504,5088
12,1344,5168,4,5,20,20,15,411648,5136
12,1344,5184,4,5,20,20,15,417792,5184
12,1344,5200,4,5,20,20,15,423936,5232
12,1344,5216,4,5,20,20,15,430080,5280
12,1344,5232,4,5,20,20,15,436224,5328
12,1344,5248,4,5,20,20,15,442368,5376
12,1344,5264,4,5,20,20,15,448512,5424
12,1344,5280,4,5,20,20,15,454656,5472
12,1344,5296,11,2,22,20,22,525312,7584
12,1344,5312,11,2,22,20,22,528384,7616
12,1344,5328,11,2,22,20,22,531456,7648
12,1344,5344,11,2,22,20,22,534528,7680
12,1344,5360,11,2,22,20,22,537600,7712
12,1344,5376,11,2,22,20,22,540672,7744
12,1344,5392,11,2,22,20,22,540672,7744
12,1344,5408,11,2,22,20,22,540672,7744
12,1344,5424,11,2,22,20,22,540672,7744
12,1344,5440,11,2,22,20,22,540672,7744
12,1344,5456,11,2,22,20,22,540672,7744
12,1344,5472,11,2,22,20,22,540672,7744
12,1344,5488,11,2,22,20,22,540672,7744
12,1344,5504,11,2,22,20,22,540672,7744
12,1344,5520,11,2,22,20,22,540672,7744
12,1344,5536,11,2,22,20,22,540672,7744
12,1344,5552,11,2,22,20,22,540672,7744
12,1344,5568,11,2,22,20,22,540672,7744
12,1344,5584,11,2,22,20,22,540672,7744
12,1344,5600,11,2,22,20,22,540672,7744
12,1344,5616,11,2,22,20,22,540672,7744
12,1344,5632,11,2,22,20,22,540672,7744
12,1344,5648,11,2,22,20,24,543744,7968
12,1344,5664,11,2,22,20,24,546816,8000
12,1344,5680,11,2,22,20,24,549888,8032
12,1344,5696,11,2,22,20,24,552960,8064
12,1344,5712,11,2,22,20,24,556032,8096
12,1344,5728,11,2,22,20,24,559104,8128
12,1344,5744,4,5,20,20,15,491520,5760
12,1344,5760,4,5,20,20,15,491520,5760
12,1344,5776,4,5,20,20,15,491520,5760
12,1344,5792,4,5,20,20,15,491520,5760
12,1344,5808,4,5,20,20,15,491520,5760
12,1344,5824,4,5,20,20,15,491520,5760
12,1344,5840,4,5,20,20,15,491520,5760
12,1344,5856,4,5,20,20,15,491520,5760
12,1344,5872,4,5,20,20,15,491520,5760
12,1344,5888,4,5,20,20,15,491520,5760
12,1344,5904,4,5,20,20,15,491520,5760
12,1344,5920,4,5,20,20,15,491520,5760
12,1344,5936,4,5,20,20,15,491520,5760
12,1344,5952,4,5,20,20,15,491520,5760
12,1344,5968,4,5,20,20,15,491520,5760
12,1344,5984,4,5,20,20,15,491520,5760
12,1344,6000,4,5,20,20,15,491520,5760
12,1344,6016,4,5,20,20,15,491520,5760
12,1344,6032,4,5,20,20,15,491520,5760
12,1344,6048,4,5,20,20,15,491520,5760
12,1344,6064,4,5,20,20,15,491520,5760
12,1344,6080,4,5,20,20,15,491520,5760
12,1344,6096,4,5,20,20,15,491520,5760
12,1344,6112,4,5,20,20,15,491520,5760
12,1344,6128,4,5,20,20,15,491520,5760
12,1360,4096,5,4,20,20,12,344064,4416
12,1360,4112,2,10,20,20,12,368640,4512
12,1360,4128,2,10,20,20,12,368640,4512
12,1360,4144,2,10,20,20,12,368640,4512
12,1360,4160,2,10,20,20,12,368640,4512
12,1360,4176,2,10,20,20,12,368640,4512
12,1360,4192,2,10,20,20,12,368640,4512
12,1360,4208,2,10,20,20,12,368640,4512
12,1360,4224,2,10,20,20,12,368640,4512
12,1360,4240,2,10,20,20,12,368640,4512
12,1360,4256,2,10,20,20,12,368640,4512
12,1360,4272,2,10,20,20,12,368640,4512
12,1360,4288,2,10,20,20,12,368640,4512
12,1360,4304,2,10,20,20,12,368640,4512
12,1360,4320,2,10,20,20,12,368640,4512
12,1360,4336,2,10,20,20,12,368640,4512
12,1360,4352,2,10,20,20,12,368640,4512
12,1360,4368,2,10,20,20,12,368640,4512
12,1360,4384,2,10,20,20,12,368640,4512
12,1360,4400,2,10,20,20,12,368640,4512
12,1360,4416,2,10,20,20,12,368640,4512
12,1360,4432,2,10,20,20,12,368640,4512
12,1360,4448,2,10,20,20,12,368640,4512
12,1360,4464,2,10,20,20,12,368640,4512
12,1360,4480,2,10,20,20,12,368640,4512
12,1360,4496,2,10,20,20,12,368640,4512
12,1360,4512,2,10,20,20,12,368640,4512
12,1360,4528,2,10,20,20,12,368640,4512
12,1360,4544,2,10,20,20,12,368640,4512
12,1360,4560,2,10,20,20,12,368640,4512
12,1360,4576,2,10,20,20,12,368640,4512
12,1360,4592,2,10,20,20,12,368640,4512
12,1360,4608,2,10,20,20,12,368640,4512
12,1360,4624,2,10,20,20,12,368640,4512
12,1360,4640,2,10,20,20,12,368640,4512
12,1360,4656,2,10,20,20,12,368640,4512
12,1360,4672,2,10,20,20,12,368640,4512
12,1360,4688,2,10,20,20,12,368640,4512
12,1360,4704,2,10,20,20,12,368640,4512
12,1360,4720,2,10,20,20,12,368640,4512
12,1360,4736,2,10,20,20,12,368640,4512
12,1360,4752,2,10,20,20,12,368640,4512
12,1360,4768,2,10,20,20,12,368640,4512
12,1360,4784,2,10,20,20,12,368640,4512
12,1360,4800,2,10,20,20,12,368640,4512
12,1360,4816,2,10,20,20,12,368640,4512
12,1360,4832,2,10,20,20,12,368640,4512
12,1360,4848,2,10,20,20,12,368640,4512
12,1360,4864,2,10,20,20,12,368640,4512
12,1360,4880,1,20,20,20,11,348160,4176
12,1360,4896,1,20,20,20,11,348160,4176
12,1360,4912,1,20,20,20,11,348160,4176
12,1360,4928,1,20,20,20,11,348160,4176
12,1360,4944,1,20,20,20,11,348160,4176
12,1360,4960,1,20,20,20,11,348160,4176
12,1360,4976,1,20,20,20,11,348160,4176
12,1360,4992,1,20,20,20,11,348160,4176
12,1360,5008,1,20,20,20,11,348160,4176
12,1360,5024,1,20,20,20,11,348160,4176
12,1360,5040,1,20,20,20,11,348160,4176
12,1360,5056,1,20,20,20,11,348160,4176
12,1360,5072,1,20,20,20,11,348160,4176
12,1360,5088,1,20,20,20,11,348160,4176
12,1360,5104,1,20,20,20,11,348160,4176
12,1360,5120,1,20,20,20,11,348160,4176
12,1360,5136,4,5,20,20,15,399360,5040
12,1360,5152,4,5,20,20,15,405504,5088
12,1360,5168,4,5,20,20,15,411648,5136
12,1360,5184,4,5,20,20,15,417792,5184
12,1360,5200,4,5,20,20,15,423936,5232
12,1360,5216,4,5,20,20,15,430080,5280
12,1360,5232,4,5,20,20,15,436224,5328
12,1360,5248,4,5,20,20,15,442368,5376
12,1360,5264,4,5,20,20,15,448512,5424
12,1360,5280,4,5,20,20,15,454656,5472
12,1360,5296,4,5,20,20,15,460800,5520
12,1360,5312,4,5,20,20,15,466944,5568
12,1360,5328,4,5,20,20,15,473088,5616
12,1360,5344,4,5,20,20,15,479232,5664
12,1360,5360,4,5,20,20,15,485376,5712
12,1360,5376,4,5,20,20,15,491520,5760
12,1360,5392,4,5,20,20,15,491520,5760
12,1360,5408,4,5,20,20,15,491520,5760
12,1360,5424,4,5,20,20,15,491520,5760
12,1360,5440,4,5,20,20,15,491520,5760
12,1360,5456,4,5,20,20,15,491520,5760
12,1360,5472,4,5,20,20,15,491520,5760
12,1360,5488,4,5,20,20,15,491520,5760
12,1360,5504,4,5,20,20,15,491520,5760
12,1360,5520,4,5,20,20,15,491520,5760
12,1360,5536,4,5,20,20,15,491520,5760
12,1360,5552,4,5,20,20,15,491520,5760
12,1360,5568,4,5,20,20,15,491520,5760
12,1360,5584,4,5,20,20,15,491520,5760
12,1360,5600,4,5,20,20,15,491520,5760
12,1360,5616,4,5,20,20,15,491520,5760
12,1360,5632,4,5,20,20,15,491520,5760
12,1360,5648,4,5,20,20,15,491520,5760
12,1360,5664,4,5,20,20,15,491520,5760
12,1360,5680,4,5,20,20,15,491520,5760
12,1360,5696,4,5,20,20,15,491520,5760
12,1360,5712,4,5,20,20,15,491520,5760
12,1360,5728,4,5,20,20,15,491520,5760
12,1360,5744,4,5,20,20,15,491520,5760
12,1360,5760,4,5,20,20,15,491520,5760
12,1360,5776,4,5,20,20,15,491520,5760
12,1360,5792,4,5,20,20,15,491520,5760
12,1360,5808,4,5,20,20,15,491520,5760
12,1360,5824,4,5,20,20,15,491520,5760
12,1360,5840,4,5,20,20,15,491520,5760
12,1360,5856,4,5,20,20,15,491520,5760
12,1360,5872,4,5,20,20,15,491520,5760
12,1360,5888,4,5,20,20,15,491520,5760
12,1360,5904,4,5,20,20,15,491520,5760
12,1360,5920,4,5,20,20,15,491520,5760
12,1360,5936,4,5,20,20,15,491520,5760
12,1360,5952,4,5,20,20,15,491520,5760
12,1360,5968,4,5,20,20,15,491520,5760
12,1360,5984,4,5,20,20,15,491520,5760
12,1360,6000,4,5,20,20,15,491520,5760
12,1360,6016,4,5,20,20,15,491520,5760
12,1360,6032,4,5,20,20,15,491520,5760
12,1360,6048,4,5,20,20,15,491520,5760
12,1360,6064,4,5,20,20,15,491520,5760
12,1360,6080,4,5,20,20,15,491520,5760
12,1360,6096,4,5,20,20,15,491520,5760
12,1360,6112,4,5,20,20,15,491520,5760
12,1360,6128,4,5,20,20,15,491520,5760
12,1376,4096,5,4,20,20,12,360448,4480
12,1376,4112,2,10,20,20,12,376832,4544
12,1376,4128,2,10,20,20,12,376832,4544
12,1376,4144,2,10,20,20,12,376832,4544
12,1376,4160,2,10,20,20,12,376832,4544
12,1376,4176,2,10,20,20,12,376832,4544
12,1376,4192,2,10,20,20,12,376832,4544
12,1376,4208,2,10,20,20,12,376832,4544
12,1376,4224,2,10,20,20,12,376832,4544
12,1376,4240,2,10,20,20,12,376832,4544
12,1376,4256,2,10,20,20,12,376832,4544
12,1376,4272,2,10,20,20,12,376832,4544
12,1376,4288,2,10,20,20,12,376832,4544
12,1376,4304,2,10,20,20,12,376832,4544
12,1376,4320,2,10,20,20,12,376832,4544
12,1376,4336,2,10,20,20,12,376832,4544
12,1376,4352,2,10,20,20,12,376832,4544
12,1376,4368,2,10,20,20,12,376832,4544
12,1376,4384,2,10,20,20,12,376832,4544
12,1376,4400,2,10,20,20,12,376832,4544
12,1376,4416,2,10,20,20,12,376832,4544
12,1376,4432,2,10,20,20,12,376832,4544
12,1376,4448,2,10,20,20,12,376832,4544
12,1376,4464,2,10,20,20,12,376832,4544
12,1376,4480,2,10,20,20,12,376832,4544
12,1376,4496,2,10,20,20,12,376832,4544
12,1376,4512,2,10,20,20,12,376832,4544
12,1376,4528,2,10,20,20,12,376832,4544
12,1376,4544,2,10,20,20,12,376832,4544
12,1376,4560,2,10,20,20,12,376832,4544
12,1376,4576,2,10,20,20,12,376832,4544
12,1376,4592,2,10,20,20,12,376832,4544
12,1376,4608,2,10,20,20,12,376832,4544
12,1376,4624,2,10,20,20,12,376832,4544
12,1376,4640,2,10,20,20,12,376832,4544
12,1376,4656,2,10,20,20,12,376832,4544
12,1376,4672,2,10,20,20,12,376832,4544
12,1376,4688,2,10,20,20,12,376832,4544
12,1376,4704,2,10,20,20,12,376832,4544
12,1376,4720,2,10,20,20,12,376832,4544
12,1376,4736,2,10,20,20,12,376832,4544
12,1376,4752,2,10,20,20,12,376832,4544
12,1376,4768,2,10,20,20,12,376832,4544
12,1376,4784,2,10,20,20,12,376832,4544
12,1376,4800,2,10,20,20,12,376832,4544
12,1376,4816,2,10,20,20,12,376832,4544
12,1376,4832,2,10,20,20,12,376832,4544
12,1376,4848,2,10,20,20,12,376832,4544
12,1376,4864,2,10,20,20,12,376832,4544
12,1376,4880,1,20,20,20,11,352256,4192
12,1376,4896,1,20,20,20,11,352256,4192
12,1376,4912,1,20,20,20,11,352256,4192
12,1376,4928,1,20,20,20,11,352256,4192
12,1376,4944,1,20,20,20,11,352256,4192
12,1376,4960,1,20,20,20,11,352256,4192
12,1376,4976,1,20,20,20,11,352256,4192
12,1376,4992,1,20,20,20,11,352256,4192
12,1376,5008,1,20,20,20,11,352256,4192
12,1376,5024,1,20,20,20,11,352256,4192
12,1376,5040,1,20,20,20,11,352256,4192
12,1376,5056,1,20,20,20,11,352256,4192
12,1376,5072,1,20,20,20,11,352256,4192
12,1376,5088,1,20,20,20,11,352256,4192
12,1376,5104,1,20,20,20,11,352256,4192
12,1376,5120,1,20,20,20,11,352256,4192
12,1376,5136,4,5,20,20,15,399360,5040
12,1376,5152,4,5,20,20,15,405504,5088
12,1376,5168,4,5,20,20,15,411648,5136
12,1376,5184,4,5,20,20,15,417792,5184
12,1376,5200,4,5,20,20,15,423936,5232
12,1376,5216,4,5,20,20,15,430080,5280
12,1376,5232,4,5,20,20,15,436224,5328
12,1376,5248,4,5,20,20,15,442368,5376
12,1376,5264,4,5,20,20,15,448512,5424
12,1376,5280,4,5,20,20,15,454656,5472
12,1376,5296,4,5,20,20,15,460800,5520
12,1376,5312,4,5,20,20,15,466944,5568
12,1376,5328,4,5,20,20,15,473088,5616
12,1376,5344,4,5,20,20,15,479232,5664
12,1376,5360,4,5,20,20,15,485376,5712
12,1376,5376,4,5,20,20,15,491520,5760
12,1376,5392,4,5,20,20,15,491520,5760
12,1376,5408,4,5,20,20,15,491520,5760
12,1376,5424,4,5,20,20,15,491520,5760
12,1376,5440,4,5,20,20,15,491520,5760
12,1376,5456,4,5,20,20,15,491520,5760
12,1376,5472,4,5,20,20,15,491520,5760
12,1376,5488,4,5,20,20,15,491520,5760
12,1376,5504,4,5,20,20,15,491520,5760
12,1376,5520,4,5,20,20,15,491520,5760
12,1376,5536,4,5,20,20,15,491520,5760
12,1376,5552,4,5,20,20,15,491520,5760
12,1376,5568,4,5,20,20,15,491520,5760
12,1376,5584,4,5,20,20,15,491520,5760
12,1376,5600,4,5,20,20,15,491520,5760
12,1376,5616,4,5,20,20,15,491520,5760
12,1376,5632,4,5,20,20,15,491520,5760
12,1376,5648,4,5,20,20,15,491520,5760
12,1376,5664,4,5,20,20,15,491520,5760
12,1376,5680,4,5,20,20,15,491520,5760
12,1376,5696,4,5,20,20,15,491520,5760
12,1376,5712,4,5,20,20,15,491520,5760
12,1376,5728,4,5,20,20,15,491520,5760
12,1376,5744,4,5,20,20,15,491520,5760
12,1376,5760,4,5,20,20,15,491520,5760
12,1376,5776,4,5,20,20,15,491520,5760
12,1376,5792,4,5,20,20,15,491520,5760
12,1376,5808,4,5,20,20,15,491520,5760
12,1376,5824,4,5,20,20,15,491520,5760
12,1376,5840,4,5,20,20,15,491520,5760
12,1376,5856,4,5,20,20,15,491520,5760
12,1376,5872,4,5,20,20,15,491520,5760
12,1376,5888,4,5,20,20,15,491520,5760
12,1376,5904,4,5,20,20,15,491520,5760
12,1376,5920,4,5,20,20,15,491520,5760
12,1376,5936,4,5,20,20,15,491520,5760
12,1376,5952,4,5,20,20,15,491520,5760
12,1376,5968,4,5,20,20,15,491520,5760
12,1376,5984,4,5,20,20,15,491520,5760
12,1376,6000,4,5,20,20,15,491520,5760
12,1376,6016,4,5,20,20,15,491520,5760
12,1376,6032,4,5,20,20,15,491520,5760
12,1376,6048,4,5,20,20,15,491520,5760
12,1376,6064,4,5,20,20,15,491520,5760
12,1376,6080,4,5,20,20,15,491520,5760
12,1376,6096,4,5,20,20,15,491520,5760
12,1376,6112,4,5,20,20,15,491520,5760
12,1376,6128,4,5,20,20,15,491520,5760
12,1392,4096,5,4,20,20,12,376832,4544
12,1392,4112,2,10,20,20,12,385024,4576
12,1392,4128,2,10,20,20,12,385024,4576
12,1392,4144,2,10,20,20,12,385024,4576
12,1392,4160,2,10,20,20,12,385024,4576
12,1392,4176,2,10,20,20,12,385024,4576
12,1392,4192,2,10,20,20,12,385024,4576
12,1392,4208,2,10,20,20,12,385024,4576
12,1392,4224,2,10,20,20,12,385024,4576
12,1392,4240,2,10,20,20,12,385024,4576
12,1392,4256,2,10,20,20,12,385024,4576
12,1392,4272,2,10,20,20,12,385024,4576
12,1392,4288,2,10,20,20,12,385024,4576
12,1392,4304,2,10,20,20,12,385024,4576
12,1392,4320,2,10,20,20,12,385024,4576
12,1392,4336,2,10,20,20,12,385024,4576
12,1392,4352,2,10,20,20,12,385024,4576
12,1392,4368,2,10,20,20,12,385024,4576
12,1392,4384,2,10,20,20,12,385024,4576
12,1392,4400,2,10,20,20,12,385024,4576
12,1392,4416,2,10,20,20,12,385024,4576
12,1392,4432,2,10,20,20,12,385024,4576
12,1392,4448,2,10,20,20,12,385024,4576
12,1392,4464,2,10,20,20,12,385024,4576
12,1392,4480,2,10,20,20,12,385024,4576
12,1392,4496,2,10,20,20,12,385024,4576
12,1392,4512,2,10,20,20,12,385024,4576
12,1392,4528,2,10,20,20,12,385024,4576
12,1392,4544,2,10,20,20,12,385024,4576
12,1392,4560,2,10,20,20,12,385024,4576
12,1392,4576,2,10,20,20,12,385024,4576
12,1392,4592,2,10,20,20,12,385024,4576
12,1392,4608,2,10,20,20,12,385024,4576
12,1392,4624,2,10,20,20,12,385024,4576
12,1392,4640,2,10,20,20,12,385024,4576
12,1392,4656,2,10,20,20,12,385024,4576
12,1392,4672,2,10,20,20,12,385024,4576
12,1392,4688,2,10,20,20,12,385024,4576
12,1392,4704,2,10,20,20,12,385024,4576
12,1392,4720,2,10,20,20,12,385024,4576
12,1392,4736,2,10,20,20,12,385024,4576
12,1392,4752,2,10,20,20,12,385024,4576
12,1392,4768,2,10,20,20,12,385024,4576
12,1392,4784,2,10,20,20,12,385024,4576
12,1392,4800,2,10,20,20,12,385024,4576
12,1392,4816,2,10,20,20,12,385024,4576
12,1392,4832,2,10,20,20,12,385024,4576
12,1392,4848,2,10,20,20,12,385024,4576
12,1392,4864,2,10,20,20,12,385024,4576
12,1392,4880,1,20,20,20,11,356352,4208
12,1392,4896,1,20,20,20,11,356352,4208
12,1392,4912,1,20,20,20,11,356352,4208
12,1392,4928,1,20,20,20,11,356352,4208
12,1392,4944,1,20,20,20,11,356352,4208
12,1392,4960,1,20,20,20,11,356352,4208
12,1392,4976,1,20,20,20,11,356352,4208
12,1392,4992,1,20,20,20,11,356352,4208
12,1392,5008,1,20,20,20,11,356352,4208
12,1392,5024,1,20,20,20,11,356352,4208
12,1392,5040,1,20,20,20,11,356352,4208
12,1392,5056,1,20,20,20,11,356352,4208
12,1392,5072,1,20,20,20,11,356352,4208
12,1392,5088,1,20,20,20,11,356352,4208
12,1392,5104,1,20,20,20,11,356352,4208
12,1392,5120,1,20,20,20,11,356352,4208
12,1392,5136,4,5,20,20,15,399360,5040
12,1392,5152,4,5,20,20,15,405504,5088
12,1392,5168,4,5,20,20,15,411648,5136
12,1392,5184,4,5,20,20,15,417792,5184
12,1392,5200,4,5,20,20,15,423936,5232
12,1392,5216,4,5,20,20,15,430080,5280
12,1392,5232,4,5,20,20,15,436224,5328
12,1392,5248,4,5,20,20,15,442368,5376
12,1392,5264,4,5,20,20,15,448512,5424
12,1392,5280,4,5,20,20,15,454656,5472
12,1392,5296,4,5,20,20,15,460800,5520
12,1392,5312,4,5,20,20,15,466944,5568
12,1392,5328,4,5,20,20,15,473088,5616
12,1392,5344,4,5,20,20,15,479232,5664
12,1392,5360,4,5,20,20,15,485376,5712
12,1392,5376,4,5,20,20,15,491520,5760
12,1392,5392,4,5,20,20,15,491520,5760
12,1392,5408,4,5,20,20,15,491520,5760
12,1392,5424,4,5,20,20,15,491520,5760
12,1392,5440,4,5,20,20,15,491520,5760
12,1392,5456,4,5,20,20,15,491520,5760
12,1392,5472,4,5,20,20,15,491520,5760
12,1392,5488,4,5,20,20,15,491520,5760
12,1392,5504,4,5,20,20,15,491520,5760
12,1392,5520,4,5,20,20,15,491520,5760
12,1392,5536,4,5,20,20,15,491520,5760
12,1392,5552,4,5,20,20,15,491520,5760
12,1392,5568,4,5,20,20,15,491520,5760
12,1392,5584,4,5,20,20,15,491520,5760
12,1392,5600,4,5,20,20,15,491520,5760
12,1392,5616,4,5,20,20,15,491520,5760
12,1392,5632,4,5,20,20,15,491520,5760
12,1392,5648,4,5,20,20,15,491520,5760
12,1392,5664,4,5,20,20,15,491520,5760
12,1392,5680,4,5,20,20,15,491520,5760
12,1392,5696,4,5,20,20,15,491520,5760
12,1392,5712,4,5,20,20,15,491520,5760
12,1392,5728,4,5,20,20,15,491520,5760
12,1392,5744,4,5,20,20,15,491520,5760
12,1392,5760,4,5,20,20,15,491520,5760
12,1392,5776,4,5,20,20,15,491520,5760
12,1392,5792,4,5,20,20,15,491520,5760
12,1392,5808,4,5,20,20,15,491520,5760
12,1392,5824,4,5,20,20,15,491520,5760
12,1392,5840,4,5,20,20,15,491520,5760
12,1392,5856,4,5,20,20,15,491520,5760
12,1392,5872,4,5,20,20,15,491520,5760
12,1392,5888,4,5,20,20,15,491520,5760
12,1392,5904,4,5,20,20,15,491520,5760
12,1392,5920,4,5,20,20,15,491520,5760
12,1392,5936,4,5,20,20,15,491520,5760
12,1392,5952,4,5,20,20,15,491520,5760
12,1392,5968,4,5,20,20,15,491520,5760
12,1392,5984,4,5,20,20,15,491520,5760
12,1392,6000,4,5,20,20,15,491520,5760
12,1392,6016,4,5,20,20,15,491520,5760
12,1392,6032,4,5,20,20,15,491520,5760
12,1392,6048,4,5,20,20,15,491520,5760
12,1392,6064,4,5,20,20,15,491520,5760
12,1392,6080,4,5,20,20,15,491520,5760
12,1392,6096,4,5,20,20,15,491520,5760
12,1392,6112,4,5,20,20,15,491520,5760
12,1392,6128,4,5,20,20,15,491520,5760
12,1408,4096,5,4,20,20,12,393216,4608
12,1408,4112,4,5,20,20,12,393216,4608
12,1408,4128,4,5,20,20,12,393216,4608
12,1408,4144,4,5,20,20,12,393216,4608
12,1408,4160,4,5,20,20,12,393216,4608
12,1408,4176,4,5,20,20,12,393216,4608
12,1408,4192,4,5,20,20,12,393216,4608
12,1408,4208,4,5,20,20,12,393216,4608
12,1408,4224,4,5,20,20,12,393216,4608
12,1408,4240,4,5,20,20,12,393216,4608
12,1408,4256,4,5,20,20,12,393216,4608
12,1408,4272,4,5,20,20,12,393216,4608
12,1408,4288,4,5,20,20,12,393216,4608
12,1408,4304,4,5,20,20,12,393216,4608
12,1408,4320,4,5,20,20,12,393216,4608
12,1408,4336,4,5,20,20,12,393216,4608
12,1408,4352,4,5,20,20,12,393216,4608
12,1408,4368,4,5,20,20,12,393216,4608
12,1408,4384,4,5,20,20,12,393216,4608
12,1408,4400,4,5,20,20,12,393216,4608
12,1408,4416,4,5,20,20,12,393216,4608
12,1408,4432,4,5,20,20,12,393216,4608
12,1408,4448,4,5,20,20,12,393216,4608
12,1408,4464,4,5,20,20,12,393216,4608
12,1408,4480,4,5,20,20,12,393216,4608
12,1408,4496,4,5,20,20,12,393216,4608
12,1408,4512,4,5,20,20,12,393216,4608
12,1408,4528,4,5,20,20,12,393216,4608
12,1408,4544,4,5,20,20,12,393216,4608
12,1408,4560,4,5,20,20,12,393216,4608
12,1408,4576,4,5,20,20,12,393216,4608
12,1408,4592,4,5,20,20,12,393216,4608
12,1408,4608,4,5,20,20,12,393216,4608
12,1408,4624,4,5,20,20,12,393216,4608
12,1408,4640,4,5,20,20,12,393216,4608
12,1408,4656,4,5,20,20,12,393216,4608
12,1408,4672,4,5,20,20,12,393216,4608
12,1408,4688,4,5,20,20,12,393216,4608
12,1408,4704,4,5,20,20,12,393216,4608
12,1408,4720,4,5,20,20,12,393216,4608
12,1408,4736,4,5,20,20,12,393216,4608
12,1408,4752,4,5,20,20,12,393216,4608
12,1408,4768,4,5,20,20,12,393216,4608
12,1408,4784,4,5,20,20,12,393216,4608
12,1408,4800,4,5,20,20,12,393216,4608
12,1408,4816,4,5,20,20,12,393216,4608
12,1408,4832,4,5,20,20,12,393216,4608
12,1408,4848,4,5,20,20,12,393216,4608
12,1408,4864,4,5,20,20,12,393216,4608
12,1408,4880,1,20,20,20,11,360448,4224
12,1408,4896,1,20,20,20,11,360448,4224
12,1408,4912,1,20,20,20,11,360448,4224
12,1408,4928,1,20,20,20,11,360448,4224
12,1408,4944,1,20,20,20,11,360448,4224
12,1408,4960,1,20,20,20,11,360448,4224
12,1408,4976,1,20,20,20,11,360448,4224
12,1408,4992,1,20,20,20,11,360448,4224
12,1408,5008,1,20,20,20,11,360448,4224
12,1408,5024,1,20,20,20,11,360448,4224
12,1408,5040,1,20,20,20,11,360448,4224
12,1408,5056,1,20,20,20,11,360448,4224
12,1408,5072,1,20,20,20,11,360448,4224
12,1408,5088,1,20,20,20,11,360448,4224
12,1408,5104,1,20,20,20,11,360448,4224
12,1408,5120,1,20,20,20,11,360448,4224
12,1408,5136,4,5,20,20,15,399360,5040
12,1408,5152,4,5,20,20,15,405504,5088
12,1408,5168,4,5,20,20,15,411648,5136
12,1408,5184,4,5,20,20,15,417792,5184
12,1408,5200,4,5,20,20,15,423936,5232
12,1408,5216,4,5,20,20,15,430080,5280
12,1408,5232,4,5,20,20,15,436224,5328
12,1408,5248,4,5,20,20,15,442368,5376
12,1408,5264,4,5,20,20,15,448512,5424
12,1408,5280,4,5,20,20,15,454656,5472
12,1408,5296,4,5,20,20,15,460800,5520
12,1408,5312,4,5,20,20,15,466944,5568
12,1408,5328,4,5,20,20,15,473088,5616
12,1408,5344,4,5,20,20,15,479232,5664
12,1408,5360,4,5,20,20,15,485376,5712
12,1408,5376,4,5,20,20,15,491520,5760
12,1408,5392,4,5,20,20,15,491520,5760
12,1408,5408,4,5,20,20,15,491520,5760
12,1408,5424,4,5,20,20,15,491520,5760
12,1408,5440,4,5,20,20,15,491520,5760
12,1408,5456,4,5,20,20,15,491520,5760
12,1408,5472,4,5,20,20,15,491520,5760
12,1408,5488,4,5,20,20,15,491520,5760
12,1408,5504,4,5,20,20,15,491520,5760
12,1408,5520,4,5,20,20,15,491520,5760
12,1408,5536,4,5,20,20,15,491520,5760
12,1408,5552,4,5,20,20,15,491520,5760
12,1408,5568,4,5,20,20,15,491520,5760
12,1408,5584,4,5,20,20,15,491520,5760
12,1408,5600,4,5,20,20,15,491520,5760
12,1408,5616,4,5,20,20,15,491520,5760
12,1408,5632,4,5,20,20,15,491520,5760
12,1408,5648,4,5,20,20,15,491520,5760
12,1408,5664,4,5,20,20,15,491520,5760
12,1408,5680,4,5,20,20,15,491520,5760
12,1408,5696,4,5,20,20,15,491520,5760
12,1408,5712,4,5,20,20,15,491520,5760
12,1408,5728,4,5,20,20,15,491520,5760
12,1408,5744,4,5,20,20,15,491520,5760
12,1408,5760,4,5,20,20,15,491520,5760
12,1408,5776,4,5,20,20,15,491520,5760
12,1408,5792,4,5,20,20,15,491520,5760
12,1408,5808,4,5,20,20,15,491520,5760
12,1408,5824,4,5,20,20,15,491520,5760
12,1408,5840,4,5,20,20,15,491520,5760
12,1408,5856,4,5,20,20,15,491520,5760
12,1408,5872,4,5,20,20,15,491520,5760
12,1408,5888,4,5,20,20,15,491520,5760
12,1408,5904,4,5,20,20,15,491520,5760
12,1408,5920,4,5,20,20,15,491520,5760
12,1408,5936,4,5,20,20,15,491520,5760
12,1408,5952,4,5,20,20,15,491520,5760
12,1408,5968,4,5,20,20,15,491520,5760
12,1408,5984,4,5,20,20,15,491520,5760
12,1408,6000,4,5,20,20,15,491520,5760
12,1408,6016,4,5,20,20,15,491520,5760
12,1408,6032,4,5,20,20,15,491520,5760
12,1408,6048,4,5,20,20,15,491520,5760
12,1408,6064,4,5,20,20,15,491520,5760
12,1408,6080,4,5,20,20,15,491520,5760
12,1408,6096,4,5,20,20,15,491520,5760
12,1408,6112,4,5,20,20,15,491520,5760
12,1408,6128,4,5,20,20,15,491520,5760
12,1424,4096,5,4,20,20,12,393216,4608
12,1424,4112,4,5,20,20,12,393216,4608
12,1424,4128,4,5,20,20,12,393216,4608
12,1424,4144,4,5,20,20,12,393216,4608
12,1424,4160,4,5,20,20,12,393216,4608
12,1424,4176,4,5,20,20,12,393216,4608
12,1424,4192,4,5,20,20,12,393216,4608
12,1424,4208,4,5,20,20,12,393216,4608
12,1424,4224,4,5,20,20,12,393216,4608
12,1424,4240,4,5,20,20,12,393216,4608
12,1424,4256,4,5,20,20,12,393216,4608
12,1424,4272,4,5,20,20,12,393216,4608
12,1424,4288,4,5,20,20,12,393216,4608
12,1424,4304,4,5,20,20,12,393216,4608
12,1424,4320,4,5,20,20,12,393216,4608
12,1424,4336,4,5,20,20,12,393216,4608
12,1424,4352,4,5,20,20,12,393216,4608
12,1424,4368,4,5,20,20,12,393216,4608
12,1424,4384,4,5,20,20,12,393216,4608
12,1424,4400,4,5,20,20,12,393216,4608
12,1424,4416,4,5,20,20,12,393216,4608
12,1424,4432,4,5,20,20,12,393216,4608
12,1424,4448,4,5,20,20,12,393216,4608
12,1424,4464,4,5,20,20,12,393216,4608
12,1424,4480,4,5,20,20,12,393216,4608
12,1424,4496,4,5,20,20,12,393216,4608
12,1424,4512,4,5,20,20,12,393216,4608
12,1424,4528,4,5,20,20,12,393216,4608
12,1424,4544,4,5,20,20,12,393216,4608
12,1424,4560,4,5,20,20,12,393216,4608
12,1424,4576,4,5,20,20,12,393216,4608
12,1424,4592,4,5,20,20,12,393216,4608
12,1424,4608,4,5,20,20,12,393216,4608
12,1424,4624,4,5,20,20,12,393216,4608
12,1424,4640,4,5,20,20,12,393216,4608
12,1424,4656,4,5,20,20,12,393216,4608
12,1424,4672,4,5,20,20,12,393216,4608
12,1424,4688,4,5,20,20,12,393216,4608
12,1424,4704,4,5,20,20,12,393216,4608
12,1424,4720,4,5,20,20,12,393216,4608
12,1424,4736,4,5,20,20,12,393216,4608
12,1424,4752,4,5,20,20,12,393216,4608
12,1424,4768,4,5,20,20,12,393216,4608
12,1424,4784,4,5,20,20,12,393216,4608
12,1424,4800,4,5,20,20,12,393216,4608
12,1424,4816,4,5,20,20,12,393216,4608
12,1424,4832,4,5,20,20,12,393216,4608
12,1424,4848,4,5,20,20,12,393216,4608
12,1424,4864,4,5,20,20,12,393216,4608
12,1424,4880,1,20,20,20,12,364544,4496
12,1424,4896,1,20,20,20,12,364544,4496
12,1424,4912,1,20,20,20,12,364544,4496
12,1424,4928,1,20,20,20,12,364544,4496
12,1424,4944,1,20,20,20,12,364544,4496
12,1424,4960,1,20,20,20,12,364544,4496
12,1424,4976,1,20,20,20,12,364544,4496
12,1424,4992,1,20,20,20,12,364544,4496
12,1424,5008,1,20,20,20,12,364544,4496
12,1424,5024,1,20,20,20,12,364544,4496
12,1424,5040,1,20,20,20,12,364544,4496
12,1424,5056,1,20,20,20,12,364544,4496
12,1424,5072,1,20,20,20,12,364544,4496
12,1424,5088,1,20,20,20,12,364544,4496
12,1424,5104,1,20,20,20,12,364544,4496
12,1424,5120,1,20,20,20,12,364544,4496
12,1424,5136,4,5,20,20,15,399360,5040
12,1424,5152,4,5,20,20,15,405504,5088
12,1424,5168,4,5,20,20,15,411648,5136
12,1424,5184,4,5,20,20,15,417792,5184
12,1424,5200,4,5,20,20,15,423936,5232
12,1424,5216,4,5,20,20,15,430080,5280
12,1424,5232,4,5,20,20,15,436224,5328
12,1424,5248,4,5,20,20,15,442368,5376
12,1424,5264,4,5,20,20,15,448512,5424
12,1424,5280,4,5,20,20,15,454656,5472
12,1424,5296,4,5,20,20,15,460800,5520
12,1424,5312,4,5,20,20,15,466944,5568
12,1424,5328,4,5,20,20,15,473088,5616
12,1424,5344,4,5,20,20,15,479232,5664
12,1424,5360,4,5,20,20,15,485376,5712
12,1424,5376,4,5,20,20,15,491520,5760
12,1424,5392,4,5,20,20,15,491520,5760
12,1424,5408,4,5,20,20,15,491520,5760
12,1424,5424,4,5,20,20,15,491520,5760
12,1424,5440,4,5,20,20,15,491520,5760
12,1424,5456,4,5,20,20,15,491520,5760
12,1424,5472,4,5,20,20,15,491520,5760
12,1424,5488,4,5,20,20,15,491520,5760
12,1424,5504,4,5,20,20,15,491520,5760
12,1424,5520,4,5,20,20,15,491520,5760
12,1424,5536,4,5,20,20,15,491520,5760
12,1424,5552,4,5,20,20,15,491520,5760
12,1424,5568,4,5,20,20,15,491520,5760
12,1424,5584,4,5,20,20,15,491520,5760
12,1424,5600,4,5,20,20,15,491520,5760
12,1424,5616,4,5,20,20,15,491520,5760
12,1424,5632,4,5,20,20,15,491520,5760
12,1424,5648,4,5,20,20,15,491520,5760
12,1424,5664,4,5,20,20,15,491520,5760
12,1424,5680,4,5,20,20,15,491520,5760
12,1424,5696,4,5,20,20,15,491520,5760
12,1424,5712,4,5,20,20,15,491520,5760
12,1424,5728,4,5,20,20,15,491520,5760
12,1424,5744,4,5,20,20,15,491520,5760
12,1424,5760,4,5,20,20,15,491520,5760
12,1424,5776,4,5,20,20,15,491520,5760
12,1424,5792,4,5,20,20,15,491520,5760
12,1424,5808,4,5,20,20,15,491520,5760
12,1424,5824,4,5,20,20,15,491520,5760
12,1424,5840,4,5,20,20,15,491520,5760
12,1424,5856,4,5,20,20,15,491520,5760
12,1424,5872,4,5,20,20,15,491520,5760
12,1424,5888,4,5,20,20,15,491520,5760
12,1424,5904,4,5,20,20,15,491520,5760
12,1424,5920,4,5,20,20,15,491520,5760
12,1424,5936,4,5,20,20,15,491520,5760
12,1424,5952,4,5,20,20,15,491520,5760
12,1424,5968,4,5,20,20,15,491520,5760
12,1424,5984,4,5,20,20,15,491520,5760
12,1424,6000,4,5,20,20,15,491520,5760
12,1424,6016,4,5,20,20,15,491520,5760
12,1424,6032,4,5,20,20,15,491520,5760
12,1424,6048,4,5,20,20,15,491520,5760
12,1424,6064,4,5,20,20,15,491520,5760
12,1424,6080,4,5,20,20,15,491520,5760
12,1424,6096,4,5,20,20,15,491520,5760
12,1424,6112,4,5,20,20,15,491520,5760
12,1424,6128,4,5,20,20,15,491520,5760
12,1440,4096,5,4,20,20,12,393216,4608
12,1440,4112,4,5,20,20,12,393216,4608
12,1440,4128,4,5,20,20,12,393216,4608
12,1440,4144,4,5,20,20,12,393216,4608
12,1440,4160,4,5,20,20,12,393216,4608
12,1440,4176,4,5,20,20,12,393216,4608
12,1440,4192,4,5,20,20,12,393216,4608
12,1440,4208,4,5,20,20,12,393216,4608
12,1440,4224,4,5,20,20,12,393216,4608
12,1440,4240,4,5,20,20,12,393216,4608
12,1440,4256,4,5,20,20,12,393216,4608
12,1440,4272,4,5,20,20,12,393216,4608
12,1440,4288,4,5,20,20,12,393216,4608
12,1440,4304,4,5,20,20,12,393216,4608
12,1440,4320,4,5,20,20,12,393216,4608
12,1440,4336,4,5,20,20,12,393216,4608
12,1440,4352,4,5,20,20,12,393216,4608
12,1440,4368,4,5,20,20,12,393216,4608
12,1440,4384,4,5,20,20,12,393216,4608
12,1440,4400,4,5,20,20,12,393216,4608
12,1440,4416,4,5,20,20,12,393216,4608
12,1440,4432,4,5,20,20,12,393216,4608
12,1440,4448,4,5,20,20,12,393216,4608
12,1440,4464,4,5,20,20,12,393216,4608
12,1440,4480,4,5,20,20,12,393216,4608
12,1440,4496,4,5,20,20,12,393216,4608
12,1440,4512,4,5,20,20,12,393216,4608
12,1440,4528,4,5,20,20,12,393216,4608
12,1440,4544,4,5,20,20,12,393216,4608
12,1440,4560,4,5,20,20,12,393216,4608
12,1440,4576,4,5,20,20,12,393216,4608
12,1440,4592,4,5,20,20,12,393216,4608
12,1440,4608,4,5,20,20,12,393216,4608
12,1440,4624,4,5,20,20,12,393216,4608
12,1440,4640,4,5,20,20,12,393216,4608
12,1440,4656,4,5,20,20,12,393216,4608
12,1440,4672,4,5,20,20,12,393216,4608
12,1440,4688,4,5,20,20,12,393216,4608
12,1440,4704,4,5,20,20,12,393216,4608
12,1440,4720,4,5,20,20,12,393216,4608
12,1440,4736,4,5,20,20,12,393216,4608
12,1440,4752,4,5,20,20,12,393216,4608
12,1440,4768,4,5,20,20,12,393216,4608
12,1440,4784,4,5,20,20,12,393216,4608
12,1440,4800,4,5,20,20,12,393216,4608
12,1440,4816,4,5,20,20,12,393216,4608
12,1440,4832,4,5,20,20,12,393216,4608
12,1440,4848,4,5,20,20,12,393216,4608
12,1440,4864,4,5,20,20,12,393216,4608
12,1440,4880,1,20,20,20,12,368640,4512
12,1440,4896,1,20,20,20,12,368640,4512
12,1440,4912,1,20,20,20,12,368640,4512
12,1440,4928,1,20,20,20,12,368640,4512
12,1440,4944,1,20,20,20,12,368640,4512
12,1440,4960,1,20,20,20,12,368640,4512
12,1440,4976,1,20,20,20,12,368640,4512
12,1440,4992,1,20,20,20,12,368640,4512
12,1440,5008,1,20,20,20,12,368640,4512
12,1440,5024,1,20,20,20,12,368640,4512
12,1440,5040,1,20,20,20,12,368640,4512
12,1440,5056,1,20,20,20,12,368640,4512
12,1440,5072,1,20,20,20,12,368640,4512
12,1440,5088,1,20,20,20,12,368640,4512
12,1440,5104,1,20,20,20,12,368640,4512
12,1440,5120,1,20,20,20,12,368640,4512
12,1440,5136,4,5,20,20,15,399360,5040
12,1440,5152,4,5,20,20,15,405504,5088
12,1440,5168,4,5,20,20,15,411648,5136
12,1440,5184,4,5,20,20,15,417792,5184
12,1440,5200,4,5,20,20,15,423936,5232
12,1440,5216,4,5,20,20,15,430080,5280
12,1440,5232,4,5,20,20,15,436224,5328
12,1440,5248,4,5,20,20,15,442368,5376
12,1440,5264,4,5,20,20,15,448512,5424
12,1440,5280,4,5,20,20,15,454656,5472
12,1440,5296,4,5,20,20,15,460800,5520
12,1440,5312,4,5,20,20,15,466944,5568
12,1440,5328,4,5,20,20,15,473088,5616
12,1440,5344,4,5,20,20,15,479232,5664
12,1440,5360,4,5,20,20,15,485376,5712
12,1440,5376,4,5,20,20,15,491520,5760
12,1440,5392,4,5,20,20,15,491520,5760
12,1440,5408,4,5,20,20,15,491520,5760
12,1440,5424,4,5,20,20,15,491520,5760
12,1440,5440,4,5,20,20,15,491520,5760
12,1440,5456,4,5,20,20,15,491520,5760
12,1440,5472,4,5,20,20,15,491520,5760
12,1440,5488,4,5,20,20,15,491520,5760
12,1440,5504,4,5,20,20,15,491520,5760
12,1440,5520,4,5,20,20,15,491520,5760
12,1440,5536,4,5,20,20,15,491520,5760
12,1440,5552,4,5,20,20,15,491520,5760
12,1440,5568,4,5,20,20,15,491520,5760
12,1440,5584,4,5,20,20,15,491520,5760
12,1440,5600,4,5,20,20,15,491520,5760
12,1440,5616,4,5,20,20,15,491520,5760
12,1440,5632,4,5,20,20,15,491520,5760
12,1440,5648,4,5,20,20,15,491520,5760
12,1440,5664,4,5,20,20,15,491520,5760
12,1440,5680,4,5,20,20,15,491520,5760
12,1440,5696,4,5,20,20,15,491520,5760
12,1440,5712,4,5,20,20,15,491520,5760
12,1440,5728,4,5,20,20,15,491520,5760
12,1440,5744,4,5,20,20,15,491520,5760
12,1440,5760,4,5,20,20,15,491520,5760
12,1440,5776,4,5,20,20,15,491520,5760
12,1440,5792,4,5,20,20,15,491520,5760
12,1440,5808,4,5,20,20,15,491520,5760
12,1440,5824,4,5,20,20,15,491520,5760
12,1440,5840,4,5,20,20,15,491520,5760
12,1440,5856,4,5,20,20,15,491520,5760
12,1440,5872,4,5,20,20,15,491520,5760
12,1440,5888,4,5,20,20,15,491520,5760
12,1440,5904,4,5,20,20,15,491520,5760
12,1440,5920,4,5,20,20,15,491520,5760
12,1440,5936,4,5,20,20,15,491520,5760
12,1440,5952,4,5,20,20,15,491520,5760
12,1440,5968,4,5,20,20,15,491520,5760
12,1440,5984,4,5,20,20,15,491520,5760
12,1440,6000,4,5,20,20,15,491520,5760
12,1440,6016,4,5,20,20,15,491520,5760
12,1440,6032,4,5,20,20,15,491520,5760
12,1440,6048,4,5,20,20,15,491520,5760
12,1440,6064,4,5,20,20,15,491520,5760
12,1440,6080,4,5,20,20,15,491520,5760
12,1440,6096,4,5,20,20,15,491520,5760
12,1440,6112,4,5,20,20,15,491520,5760
12,1440,6128,4,5,20,20,15,491520,5760
12,1456,4096,5,4,20,20,12,393216,4608
12,1456,4112,4,5,20,20,12,393216,4608
12,1456,4128,4,5,20,20,12,393216,4608
12,1456,4144,4,5,20,20,12,393216,4608
12,1456,4160,4,5,20,20,12,393216,4608
12,1456,4176,4,5,20,20,12,393216,4608
12,1456,4192,4,5,20,20,12,393216,4608
12,1456,4208,4,5,20,20,12,393216,4608
12,1456,4224,4,5,20,20,12,393216,4608
12,1456,4240,4,5,20,20,12,393216,4608
12,1456,4256,4,5,20,20,12,393216,4608
12,1456,4272,4,5,20,20,12,393216,4608
12,1456,4288,4,5,20,20,12,393216,4608
12,1456,4304,4,5,20,20,12,393216,4608
12,1456,4320,4,5,20,20,12,393216,4608
12,1456,4336,4,5,20,20,12,393216,4608
12,1456,4352,4,5,20,20,12,393216,4608
12,1456,4368,4,5,20,20,12,393216,4608
12,1456,4384,4,5,20,20,12,393216,4608
12,1456,4400,4,5,20,20,12,393216,4608
12,1456,4416,4,5,20,20,12,393216,4608
12,1456,4432,4,5,20,20,12,393216,4608
12,1456,4448,4,5,20,20,12,393216,4608
12,1456,4464,4,5,20,20,12,393216,4608
12,1456,4480,4,5,20,20,12,393216,4608
12,1456,4496,4,5,20,20,12,393216,4608
12,1456,4512,4,5,20,20,12,393216,4608
12,1456,4528,4,5,20,20,12,393216,4608
12,1456,4544,4,5,20,20,12,393216,4608
12,1456,4560,4,5,20,20,12,393216,4608
12,1456,4576,4,5,20,20,12,393216,4608
12,1456,4592,4,5,20,20,12,393216,4608
12,1456,4608,4,5,20,20,12,393216,4608
12,1456,4624,4,5,20,20,12,393216,4608
12,1456,4640,4,5,20,20,12,393216,4608
12,1456,4656,4,5,20,20,12,393216,4608
12,1456,4672,4,5,20,20,12,393216,4608
12,1456,4688,4,5,20,20,12,393216,4608
12,1456,4704,4,5,20,20,12,393216,4608
12,1456,4720,4,5,20,20,12,393216,4608
12,1456,4736,4,5,20,20,12,393216,4608
12,1456,4752,4,5,20,20,12,393216,4608
12,1456,4768,4,5,20,20,12,393216,4608
12,1456,4784,4,5,20,20,12,393216,4608
12,1456,4800,4,5,20,20,12,393216,4608
12,1456,4816,4,5,20,20,12,393216,4608
12,1456,4832,4,5,20,20,12,393216,4608
12,1456,4848,4,5,20,20,12,393216,4608
12,1456,4864,4,5,20,20,12,393216,4608
12,1456,4880,1,20,20,20,12,372736,4528
12,1456,4896,1,20,20,20,12,372736,4528
12,1456,4912,1,20,20,20,12,372736,4528
12,1456,4928,1,20,20,20,12,372736,4528
12,1456,4944,1,20,20,20,12,372736,4528
12,1456,4960,1,20,20,20,12,372736,4528
12,1456,4976,1,20,20,20,12,372736,4528
12,1456,4992,1,20,20,20,12,372736,4528
12,1456,5008,1,20,20,20,12,372736,4528
12,1456,5024,1,20,20,20,12,372736,4528
12,1456,5040,1,20,20,20,12,372736,4528
12,1456,5056,1,20,20,20,12,372736,4528
12,1456,5072,1,20,20,20,12,372736,4528
12,1456,5088,1,20,20,20,12,372736,4528
12,1456,5104,1,20,20,20,12,372736,4528
12,1456,5120,1,20,20,20,12,372736,4528
12,1456,5136,4,5,20,20,15,399360,5040
12,1456,5152,4,5,20,20,15,405504,5088
12,1456,5168,4,5,20,20,15,411648,5136
12,1456,5184,4,5,20,20,15,417792,5184
12,1456,5200,4,5,20,20,15,423936,5232
12,1456,5216,4,5,20,20,15,430080,5280
12,1456,5232,4,5,20,20,15,436224,5328
12,1456,5248,4,5,20,20,15,442368,5376
12,1456,5264,4,5,20,20,15,448512,5424
12,1456,5280,4,5,20,20,15,454656,5472
12,1456,5296,4,5,20,20,15,460800,5520
12,1456,5312,4,5,20,20,15,466944,5568
12,1456,5328,4,5,20,20,15,473088,5616
12,1456,5344,4,5,20,20,15,479232,5664
12,1456,5360,4,5,20,20,15,485376,5712
12,1456,5376,4,5,20,20,15,491520,5760
12,1456,5392,4,5,20,20,15,491520,5760
12,1456,5408,4,5,20,20,15,491520,5760
12,1456,5424,4,5,20,20,15,491520,5760
12,1456,5440,4,5,20,20,15,491520,5760
12,1456,5456,4,5,20,20,15,491520,5760
12,1456,5472,4,5,20,20,15,491520,5760
12,1456,5488,4,5,20,20,15,491520,5760
12,1456,5504,4,5,20,20,15,491520,5760
12,1456,5520,4,5,20,20,15,491520,5760
12,1456,5536,4,5,20,20,15,491520,5760
12,1456,5552,4,5,20,20,15,491520,5760
12,1456,5568,4,5,20,20,15,491520,5760
12,1456,5584,4,5,20,20,15,491520,5760
12,1456,5600,4,5,20,20,15,491520,5760
12,1456,5616,4,5,20,20,15,491520,5760
12,1456,5632,4,5,20,20,15,491520,5760
12,1456,5648,4,5,20,20,15,491520,5760
12,1456,5664,4,5,20,20,15,491520,5760
12,1456,5680,4,5,20,20,15,491520,5760
12,1456,5696,4,5,20,20,15,491520,5760
12,1456,5712,4,5,20,20,15,491520,5760
12,1456,5728,4,5,20,20,15,491520,5760
12,1456,5744,4,5,20,20,15,491520,5760
12,1456,5760,4,5,20,20,15,491520,5760
12,1456,5776,4,5,20,20,15,491520,5760
12,1456,5792,4,5,20,20,15,491520,5760
12,1456,5808,4,5,20,20,15,491520,5760
12,1456,5824,4,5,20,20,15,491520,5760
12,1456,5840,4,5,20,20,15,491520,5760
12,1456,5856,4,5,20,20,15,491520,5760
12,1456,5872,4,5,20,20,15,491520,5760
12,1456,5888,4,5,20,20,15,491520,5760
12,1456,5904,4,5,20,20,15,491520,5760
12,1456,5920,4,5,20,20,15,491520,5760
12,1456,5936,4,5,20,20,15,491520,5760
12,1456,5952,4,5,20,20,15,491520,5760
12,1456,5968,4,5,20,20,15,491520,5760
12,1456,5984,4,5,20,20,15,491520,5760
12,1456,6000,4,5,20,20,15,491520,5760
12,1456,6016,4,5,20,20,15,491520,5760
12,1456,6032,4,5,20,20,15,491520,5760
12,1456,6048,4,5,20,20,15,491520,5760
12,1456,6064,4,5,20,20,15,491520,5760
12,1456,6080,4,5,20,20,15,491520,5760
12,1456,6096,4,5,20,20,15,491520,5760
12,1456,6112,4,5,20,20,15,491520,5760
12,1456,6128,4,5,20,20,15,491520,5760
12,1472,4096,5,4,20,20,12,393216,4608
12,1472,4112,4,5,20,20,12,393216,4608
12,1472,4128,4,5,20,20,12,393216,4608
12,1472,4144,4,5,20,20,12,393216,4608
12,1472,4160,4,5,20,20,12,393216,4608
12,1472,4176,4,5,20,20,12,393216,4608
12,1472,4192,4,5,20,20,12,393216,4608
12,1472,4208,4,5,20,20,12,393216,4608
12,1472,4224,4,5,20,20,12,393216,4608
12,1472,4240,4,5,20,20,12,393216,4608
12,1472,4256,4,5,20,20,12,393216,4608
12,1472,4272,4,5,20,20,12,393216,4608
12,1472,4288,4,5,20,20,12,393216,4608
12,1472,4304,4,5,20,20,12,393216,4608
12,1472,4320,4,5,20,20,12,393216,4608
12,1472,4336,4,5,20,20,12,393216,4608
12,1472,4352,4,5,20,20,12,393216,4608
12,1472,4368,4,5,20,20,12,393216,4608
12,1472,4384,4,5,20,20,12,393216,4608
12,1472,4400,4,5,20,20,12,393216,4608
12,1472,4416,4,5,20,20,12,393216,4608
12,1472,4432,4,5,20,20,12,393216,4608
12,1472,4448,4,5,20,20,12,393216,4608
12,1472,4464,4,5,20,20,12,393216,4608
12,1472,4480,4,5,20,20,12,393216,4608
12,1472,4496,4,5,20,20,12,393216,4608
12,1472,4512,4,5,20,20,12,393216,4608
12,1472,4528,4,5,20,20,12,393216,4608
12,1472,4544,4,5,20,20,12,393216,4608
12,1472,4560,4,5,20,20,12,393216,4608
12,1472,4576,4,5,20,20,12,393216,4608
12,1472,4592,4,5,20,20,12,393216,4608
12,1472,4608,4,5,20,20,12,393216,4608
12,1472,4624,4,5,20,20,12,393216,4608
12,1472,4640,4,5,20,20,12,393216,4608
12,1472,4656,4,5,20,20,12,393216,4608
12,1472,4672,4,5,20,20,12,393216,4608
12,1472,4688,4,5,20,20,12,393216,4608
12,1472,4704,4,5,20,20,12,393216,4608
12,1472,4720,4,5,20,20,12,393216,4608
12,1472,4736,4,5,20,20,12,393216,4608
12,1472,4752,4,5,20,20,12,393216,4608
12,1472,4768,4,5,20,20,12,393216,4608
12,1472,4784,4,5,20,20,12,393216,4608
12,1472,4800,4,5,20,20,12,393216,4608
12,1472,4816,4,5,20,20,12,393216,4608
12,1472,4832,4,5,20,20,12,393216,4608
12,1472,4848,4,5,20,20,12,393216,4608
12,1472,4864,4,5,20,20,12,393216,4608
12,1472,4880,1,20,20,20,12,376832,4544
12,1472,4896,1,20,20,20,12,376832,4544
12,1472,4912,1,20,20,20,12,376832,4544
12,1472,4928,1,20,20,20,12,376832,4544
12,1472,4944,1,20,20,20,12,376832,4544
12,1472,4960,1,20,20,20,12,376832,4544
12,1472,4976,1,20,20,20,12,376832,4544
12,1472,4992,1,20,20,20,12,376832,4544
12,1472,5008,1,20,20,20,12,376832,4544
12,1472,5024,1,20,20,20,12,376832,4544
12,1472,5040,1,20,20,20,12,376832,4544
12,1472,5056,1,20,20,20,12,376832,4544
12,1472,5072,1,20,20,20,12,376832,4544
12,1472,5088,1,20,20,20,12,376832,4544
12,1472,5104,1,20,20,20,12,376832,4544
12,1472,5120,1,20,20,20,12,376832,4544
12,1472,5136,4,5,20,20,15,399360,5040
12,1472,5152,4,5,20,20,15,405504,5088
12,1472,5168,4,5,20,20,15,411648,5136
12,1472,5184,4,5,20,20,15,417792,5184
12,1472,5200,4,5,20,20,15,423936,5232
12,1472,5216,4,5,20,20,15,430080,5280
12,1472,5232,4,5,20,20,15,436224,5328
12,1472,5248,4,5,20,20,15,442368,5376
12,1472,5264,4,5,20,20,15,448512,5424
12,1472,5280,4,5,20,20,15,454656,5472
12,1472,5296,4,5,20,20,15,460800,5520
12,1472,5312,4,5,20,20,15,466944,5568
12,1472,5328,4,5,20,20,15,473088,5616
12,1472,5344,4,5,20,20,15,479232,5664
12,1472,5360,4,5,20,20,15,485376,5712
12,1472,5376,4,5,20,20,15,491520,5760
12,1472,5392,4,5,20,20,15,491520,5760
12,1472,5408,4,5,20,20,15,491520,5760
12,1472,5424,4,5,20,20,15,491520,5760
12,1472,5440,4,5,20,20,15,491520,5760
12,1472,5456,4,5,20,20,15,491520,5760
12,1472,5472,4,5,20,20,15,491520,5760
12,1472,5488,4,5,20,20,15,491520,5760
12,1472,5504,4,5,20,20,15,491520,5760
12,1472,5520,4,5,20,20,15,491520,5760
12,1472,5536,4,5,20,20,15,491520,5760
12,1472,5552,4,5,20,20,15,491520,5760
12,1472,5568,4,5,20,20,15,491520,5760
12,1472,5584,4,5,20,20,15,491520,5760
12,1472,5600,4,5,20,20,15,491520,5760
12,1472,5616,4,5,20,20,15,491520,5760
12,1472,5632,4,5,20,20,15,491520,5760
12,1472,5648,4,5,20,20,15,491520,5760
12,1472,5664,4,5,20,20,15,491520,5760
12,1472,5680,4,5,20,20,15,491520,5760
12,1472,5696,4,5,20,20,15,491520,5760
12,1472,5712,4,5,20,20,15,491520,5760
12,1472,5728,4,5,20,20,15,491520,5760
12,1472,5744,4,5,20,20,15,491520,5760
12,1472,5760,4,5,20,20,15,491520,5760
12,1472,5776,4,5,20,20,15,491520,5760
12,1472,5792,4,5,20,20,15,491520,5760
12,1472,5808,4,5,20,20,15,491520,5760
12,1472,5824,4,5,20,20,15,491520,5760
12,1472,5840,4,5,20,20,15,491520,5760
12,1472,5856,4,5,20,20,15,491520,5760
12,1472,5872,4,5,20,20,15,491520,5760
12,1472,5888,4,5,20,20,15,491520,5760
12,1472,5904,4,5,20,20,15,491520,5760
12,1472,5920,4,5,20,20,15,491520,5760
12,1472,5936,4,5,20,20,15,491520,5760
12,1472,5952,4,5,20,20,15,491520,5760
12,1472,5968,4,5,20,20,15,491520,5760
12,1472,5984,4,5,20,20,15,491520,5760
12,1472,6000,4,5,20,20,15,491520,5760
12,1472,6016,4,5,20,20,15,491520,5760
12,1472,6032,4,5,20,20,15,491520,5760
12,1472,6048,4,5,20,20,15,491520,5760
12,1472,6064,4,5,20,20,15,491520,5760
12,1472,6080,4,5,20,20,15,491520,5760
12,1472,6096,4,5,20,20,15,491520,5760
12,1472,6112,4,5,20,20,15,491520,5760
12,1472,6128,4,5,20,20,15,491520,5760
12,1488,4096,5,4,20,20,12,393216,4608
12,1488,4112,4,5,20,20,12,393216,4608
12,1488,4128,4,5,20,20,12,393216,4608
12,1488,4144,4,5,20,20,12,393216,4608
12,1488,4160,4,5,20,20,12,393216,4608
12,1488,4176,4,5,20,20,12,393216,4608
12,1488,4192,4,5,20,20,12,393216,4608
12,1488,4208,4,5,20,20,12,393216,4608
12,1488,4224,4,5,20,20,12,393216,4608
12,1488,4240,4,5,20,20,12,393216,4608
12,1488,4256,4,5,20,20,12,393216,4608
12,1488,4272,4,5,20,20,12,393216,4608
12,1488,4288,4,5,20,20,12,393216,4608
12,1488,4304,4,5,20,20,12,393216,4608
12,1488,4320,4,5,20,20,12,393216,4608
12,1488,4336,4,5,20,20,12,393216,4608
12,1488,4352,4,5,20,20,12,393216,4608
12,1488,4368,4,5,20,20,12,393216,4608
12,1488,4384,4,5,20,20,12,393216,4608
12,1488,4400,4,5,20,20,12,393216,4608
12,1488,4416,4,5,20,20,12,393216,4608
12,1488,4432,4,5,20,20,12,393216,4608
12,1488,4448,4,5,20,20,12,393216,4608
12,1488,4464,4,5,20,20,12,393216,4608
12,1488,4480,4,5,20,20,12,393216,4608
12,1488,4496,4,5,20,20,12,393216,4608
12,1488,4512,4,5,20,20,12,393216,4608
12,1488,4528,4,5,20,20,12,393216,4608
12,1488,4544,4,5,20,20,12,393216,4608
12,1488,4560,4,5,20,20,12,393216,4608
12,1488,4576,4,5,20,20,12,393216,4608
12,1488,4592,4,5,20,20,12,393216,4608
12,1488,4608,4,5,20,20,12,393216,4608
12,1488,4624,4,5,20,20,12,393216,4608
12,1488,4640,4,5,20,20,12,393216,4608
12,1488,4656,4,5,20,20,12,393216,4608
12,1488,4672,4,5,20,20,12,393216,4608
12,1488,4688,4,5,20,20,12,393216,4608
12,1488,4704,4,5,20,20,12,393216,4608
12,1488,4720,4,5,20,20,12,393216,4608
12,1488,4736,4,5,20,20,12,393216,4608
12,1488,4752,4,5,20,20,12,393216,4608
12,1488,4768,4,5,20,20,12,393216,4608
12,1488,4784,4,5,20,20,12,393216,4608
12,1488,4800,4,5,20,20,12,393216,4608
12,1488,4816,4,5,20,20,12,393216,4608
12,1488,4832,4,5,20,20,12,393216,4608
12,1488,4848,4,5,20,20,12,393216,4608
12,1488,4864,4,5,20,20,12,393216,4608
12,1488,4880,1,20,20,20,12,380928,4560
12,1488,4896,1,20,20,20,12,380928,4560
12,1488,4912,1,20,20,20,12,380928,4560
12,1488,4928,1,20,20,20,12,380928,4560
12,1488,4944,1,20,20,20,12,380928,4560
12,1488,4960,1,20,20,20,12,380928,4560
12,1488,4976,1,20,20,20,12,380928,4560
12,1488,4992,1,20,20,20,12,380928,4560
12,1488,5008,1,20,20,20,12,380928,4560
12,1488,5024,1,20,20,20,12,380928,4560
12,1488,5040,1,20,20,20,12,380928,4560
12,1488,5056,1,20,20,20,12,380928,4560
12,1488,5072,1,20,20,20,12,380928,4560
12,1488,5088,1,20,20,20,12,380928,4560
12,1488,5104,1,20,20,20,12,380928,4560
12,1488,5120,1,20,20,20,12,380928,4560
12,1488,5136,4,5,20,20,15,399360,5040
12,1488,5152,4,5,20,20,15,405504,5088
12,1488,5168,4,5,20,20,15,411648,5136
12,1488,5184,4,5,20,20,15,417792,5184
12,1488,5200,4,5,20,20,15,423936,5232
12,1488,5216,4,5,20,20,15,430080,5280
12,1488,5232,4,5,20,20,15,436224,5328
12,1488,5248,4,5,20,20,15,442368,5376
12,1488,5264,4,5,20,20,15,448512,5424
12,1488,5280,4,5,20,20,15,454656,5472
12,1488,5296,4,5,20,20,15,460800,5520
12,1488,5312,4,5,20,20,15,466944,5568
12,1488,5328,4,5,20,20,15,473088,5616
12,1488,5344,4,5,20,20,15,479232,5664
12,1488,5360,4,5,20,20,15,485376,5712
12,1488,5376,4,5,20,20,15,491520,5760
12,1488,5392,4,5,20,20,15,491520,5760
12,1488,5408,4,5,20,20,15,491520,5760
12,1488,5424,4,5,20,20,15,491520,5760
12,1488,5440,4,5,20,20,15,491520,5760
12,1488,5456,4,5,20,20,15,491520,5760
12,1488,5472,4,5,20,20,15,491520,5760
12,1488,5488,4,5,20,20,15,491520,5760
12,1488,5504,4,5,20,20,15,491520,5760
12,1488,5520,4,5,20,20,15,491520,5760
12,1488,5536,4,5,20,20,15,491520,5760
12,1488,5552,4,5,20,20,15,491520,5760
12,1488,5568,4,5,20,20,15,491520,5760
12,1488,5584,4,5,20,20,15,491520,5760
12,1488,5600,4,5,20,20,15,491520,5760
12,1488,5616,4,5,20,20,15,491520,5760
12,1488,5632,4,5,20,20,15,491520,5760
12,1488,5648,4,5,20,20,15,491520,5760
12,1488,5664,4,5,20,20,15,491520,5760
12,1488,5680,4,5,20,20,15,491520,5760
12,1488,5696,4,5,20,20,15,491520,5760
12,1488,5712,4,5,20,20,15,491520,5760
12,1488,5728,4,5,20,20,15,491520,5760
12,1488,5744,4,5,20,20,15,491520,5760
12,1488,5760,4,5,20,20,15,491520,5760
12,1488,5776,4,5,20,20,15,491520,5760
12,1488,5792,4,5,20,20,15,491520,5760
12,1488,5808,4,5,20,20,15,491520,5760
12,1488,5824,4,5,20,20,15,491520,5760
12,1488,5840,4,5,20,20,15,491520,5760
12,1488,5856,4,5,20,20,15,491520,5760
12,1488,5872,4,5,20,20,15,491520,5760
12,1488,5888,4,5,20,20,15,491520,5760
12,1488,5904,4,5,20,20,15,491520,5760
12,1488,5920,4,5,20,20,15,491520,5760
12,1488,5936,4,5,20,20,15,491520,5760
12,1488,5952,4,5,20,20,15,491520,5760
12,1488,5968,4,5,20,20,15,491520,5760
12,1488,5984,4,5,20,20,15,491520,5760
12,1488,6000,4,5,20,20,15,491520,5760
12,1488,6016,4,5,20,20,15,491520,5760
12,1488,6032,4,5,20,20,15,491520,5760
12,1488,6048,4,5,20,20,15,491520,5760
12,1488,6064,4,5,20,20,15,491520,5760
12,1488,6080,4,5,20,20,15,491520,5760
12,1488,6096,4,5,20,20,15,491520,5760
12,1488,6112,4,5,20,20,15,491520,5760
12,1488,6128,4,5,20,20,15,491520,5760
12,1504,4096,5,4,20,20,12,393216,4608
12,1504,4112,4,5,20,20,12,393216,4608
12,1504,4128,4,5,20,20,12,393216,4608
12,1504,4144,4,5,20,20,12,393216,4608
12,1504,4160,4,5,20,20,12,393216,4608
12,1504,4176,4,5,20,20,12,393216,4608
12,1504,4192,4,5,20,20,12,393216,4608
12,1504,4208,4,5,20,20,12,393216,4608
12,1504,4224,4,5,20,20,12,393216,4608
12,1504,4240,4,5,20,20,12,393216,4608
12,1504,4256,4,5,20,20,12,393216,4608
12,1504,4272,4,5,20,20,12,393216,4608
12,1504,4288,4,5,20,20,12,393216,4608
12,1504,4304,4,5,20,20,12,393216,4608
12,1504,4320,4,5,20,20,12,393216,4608
12,1504,4336,4,5,20,20,12,393216,4608
12,1504,4352,4,5,20,20,12,393216,4608
12,1504,4368,4,5,20,20,12,393216,4608
12,1504,4384,4,5,20,20,12,393216,4608
12,1504,4400,4,5,20,20,12,393216,4608
12,1504,4416,4,5,20,20,12,393216,4608
12,1504,4432,4,5,20,20,12,393216,4608
12,1504,4448,4,5,20,20,12,393216,4608
12,1504,4464,4,5,20,20,12,393216,4608
12,1504,4480,4,5,20,20,12,393216,4608
12,1504,4496,4,5,20,20,12,393216,4608
12,1504,4512,4,5,20,20,12,393216,4608
12,1504,4528,4,5,20,20,12,393216,4608
12,1504,4544,4,5,20,20,12,393216,4608
12,1504,4560,4,5,20,20,12,393216,4608
12,1504,4576,4,5,20,20,12,393216,4608
12,1504,4592,4,5,20,20,12,393216,4608
12,1504,4608,4,5,20,20,12,393216,4608
12,1504,4624,4,5,20,20,12,393216,4608
12,1504,4640,4,5,20,20,12,393216,4608
12,1504,4656,4,5,20,20,12,393216,4608
12,1504,4672,4,5,20,20,12,393216,4608
12,1504,4688,4,5,20,20,12,393216,4608
12,1504,4704,4,5,20,20,12,393216,4608
12,1504,4720,4,5,20,20,12,393216,4608
12,1504,4736,4,5,20,20,12,393216,4608
12,1504,4752,4,5,20,20,12,393216,4608
12,1504,4768,4,5,20,20,12,393216,4608
12,1504,4784,4,5,20,20,12,393216,4608
12,1504,4800,4,5,20,20,12,393216,4608
12,1504,4816,4,5,20,20,12,393216,4608
12,1504,4832,4,5,20,20,12,393216,4608
12,1504,4848,4,5,20,20,12,393216,4608
12,1504,4864,4,5,20,20,12,393216,4608
12,1504,4880,1,20,20,20,12,385024,4576
12,1504,4896,1,20,20,20,12,385024,4576
12,1504,4912,1,20,20,20,12,385024,4576
12,1504,4928,1,20,20,20,12,385024,4576
12,1504,4944,1,20,20,20,12,385024,4576
12,1504,4960,1,20,20,20,12,385024,4576
12,1504,4976,1,20,20,20,12,385024,4576
12,1504,4992,1,20,20,20,12,385024,4576
12,1504,5008,1,20,20,20,12,385024,4576
12,1504,5024,1,20,20,20,12,385024,4576
12,1504,5040,1,20,20,20,12,385024,4576
12,1504,5056,1,20,20,20,12,385024,4576
12,1504,5072,1,20,20,20,12,385024,4576
12,1504,5088,1,20,20,20,12,385024,4576
12,1504,5104,1,20,20,20,12,385024,4576
12,1504,5120,1,20,20,20,12,385024,4576
12,1504,5136,4,5,20,20,15,399360,5040
12,1504,5152,4,5,20,20,15,405504,5088
12,1504,5168,4,5,20,20,15,411648,5136
12,1504,5184,4,5,20,20,15,417792,5184
12,1504,5200,4,5,20,20,15,423936,5232
12,1504,5216,4,5,20,20,15,430080,5280
12,1504,5232,4,5,20,20,15,436224,5328
12,1504,5248,4,5,20,20,15,442368,5376
12,1504,5264,4,5,20,20,15,448512,5424
12,1504,5280,4,5,20,20,15,454656,5472
12,1504,5296,4,5,20,20,15,460800,5520
12,1504,5312,4,5,20,20,15,466944,5568
12,1504,5328,4,5,20,20,15,473088,5616
12,1504,5344,4,5,20,20,15,479232,5664
12,1504,5360,4,5,20,20,15,485376,5712
12,1504,5376,4,5,20,20,15,491520,5760
12,1504,5392,4,5,20,20,15,491520,5760
12,1504,5408,4,5,20,20,15,491520,5760
12,1504,5424,4,5,20,20,15,491520,5760
12,1504,5440,4,5,20,20,15,491520,5760
12,1504,5456,4,5,20,20,15,491520,5760
12,1504,5472,4,5,20,20,15,491520,5760
12,1504,5488,4,5,20,20,15,491520,5760
12,1504,5504,4,5,20,20,15,491520,5760
12,1504,5520,4,5,20,20,15,491520,5760
12,1504,5536,4,5,20,20,15,491520,5760
12,1504,5552,4,5,20,20,15,491520,5760
12,1504,5568,4,5,20,20,15,491520,5760
12,1504,5584,4,5,20,20,15,491520,5760
12,1504,5600,4,5,20,20,15,491520,5760
12,1504,5616,4,5,20,20,15,491520,5760
12,1504,5632,4,5,20,20,15,491520,5760
12,1504,5648,4,5,20,20,15,491520,5760
12,1504,5664,4,5,20,20,15,491520,5760
12,1504,5680,4,5,20,20,15,491520,5760
12,1504,5696,4,5,20,20,15,491520,5760
12,1504,5712,4,5,20,20,15,491520,5760
12,1504,5728,4,5,20,20,15,491520,5760
12,1504,5744,4,5,20,20,15,491520,5760
12,1504,5760,4,5,20,20,15,491520,5760
12,1504,5776,4,5,20,20,15,491520,5760
12,1504,5792,4,5,20,20,15,491520,5760
12,1504,5808,4,5,20,20,15,491520,5760
12,1504,5824,4,5,20,20,15,491520,5760
12,1504,5840,4,5,20,20,15,491520,5760
12,1504,5856,4,5,20,20,15,491520,5760
12,1504,5872,4,5,20,20,15,491520,5760
12,1504,5888,4,5,20,20,15,491520,5760
12,1504,5904,4,5,20,20,15,491520,5760
12,1504,5920,4,5,20,20,15,491520,5760
12,1504,5936,4,5,20,20,15,491520,5760
12,1504,5952,4,5,20,20,15,491520,5760
12,1504,5968,4,5,20,20,15,491520,5760
12,1504,5984,4,5,20,20,15,491520,5760
12,1504,6000,4,5,20,20,15,491520,5760
12,1504,6016,4,5,20,20,15,491520,5760
12,1504,6032,4,5,20,20,15,491520,5760
12,1504,6048,4,5,20,20,15,491520,5760
12,1504,6064,4,5,20,20,15,491520,5760
12,1504,6080,4,5,20,20,15,491520,5760
12,1504,6096,4,5,20,20,15,491520,5760
12,1504,6112,4,5,20,20,15,491520,5760
12,1504,6128,4,5,20,20,15,491520,5760
12,1520,4096,5,4,20,20,12,393216,4608
12,1520,4112,4,5,20,20,12,393216,4608
12,1520,4128,4,5,20,20,12,393216,4608
12,1520,4144,4,5,20,20,12,393216,4608
12,1520,4160,4,5,20,20,12,393216,4608
12,1520,4176,4,5,20,20,12,393216,4608
12,1520,4192,4,5,20,20,12,393216,4608
12,1520,4208,4,5,20,20,12,393216,4608
12,1520,4224,4,5,20,20,12,393216,4608
12,1520,4240,4,5,20,20,12,393216,4608
12,1520,4256,4,5,20,20,12,393216,4608
12,1520,4272,4,5,20,20,12,393216,4608
12,1520,4288,4,5,20,20,12,393216,4608
12,1520,4304,4,5,20,20,12,393216,4608
12,1520,4320,4,5,20,20,12,393216,4608
12,1520,4336,4,5,20,20,12,393216,4608
12,1520,4352,4,5,20,20,12,393216,4608
12,1520,4368,4,5,20,20,12,393216,4608
12,1520,4384,4,5,20,20,12,393216,4608
12,1520,4400,4,5,20,20,12,393216,4608
12,1520,4416,4,5,20,20,12,393216,4608
12,1520,4432,4,5,20,20,12,393216,4608
12,1520,4448,4,5,20,20,12,393216,4608
12,1520,4464,4,5,20,20,12,393216,4608
12,1520,4480,4,5,20,20,12,393216,4608
12,1520,4496,4,5,20,20,12,393216,4608
12,1520,4512,4,5,20,20,12,393216,4608
12,1520,4528,4,5,20,20,12,393216,4608
12,1520,4544,4,5,20,20,12,393216,4608
12,1520,4560,4,5,20,20,12,393216,4608
12,1520,4576,4,5,20,20,12,393216,4608
12,1520,4592,4,5,20,20,12,393216,4608
12,1520,4608,4,5,20,20,12,393216,4608
12,1520,4624,4,5,20,20,12,393216,4608
12,1520,4640,4,5,20,20,12,393216,4608
12,1520,4656,4,5,20,20,12,393216,4608
12,1520,4672,4,5,20,20,12,393216,4608
12,1520,4688,4,5,20,20,12,393216,4608
12,1520,4704,4,5,20,20,12,393216,4608
12,1520,4720,4,5,20,20,12,393216,4608
12,1520,4736,4,5,20,20,12,393216,4608
12,1520,4752,4,5,20,20,12,393216,4608
12,1520,4768,4,5,20,20,12,393216,4608
12,1520,4784,4,5,20,20,12,393216,4608
12,1520,4800,4,5,20,20,12,393216,4608
12,1520,4816,4,5,20,20,12,393216,4608
12,1520,4832,4,5,20,20,12,393216,4608
12,1520,4848,4,5,20,20,12,393216,4608
12,1520,4864,4,5,20,20,12,393216,4608
12,1520,4880,1,20,20,20,12,389120,4592
12,1520,4896,1,20,20,20,12,389120,4592
12,1520,4912,1,20,20,20,12,389120,4592
12,1520,4928,1,20,20,20,12,389120,4592
12,1520,4944,1,20,20,20,12,389120,4592
12,1520,4960,1,20,20,20,12,389120,4592
12,1520,4976,1,20,20,20,12,389120,4592
12,1520,4992,1,20,20,20,12,389120,4592
12,1520,5008,1,20,20,20,12,389120,4592
12,1520,5024,1,20,20,20,12,389120,4592
12,1520,5040,1,20,20,20,12,389120,4592
12,1520,5056,1,20,20,20,12,389120,4592
12,1520,5072,1,20,20,20,12,389120,4592
12,1520,5088,1,20,20,20,12,389120,4592
12,1520,5104,1,20,20,20,12,389120,4592
12,1520,5120,1,20,20,20,12,389120,4592
12,1520,5136,4,5,20,20,15,399360,5040
12,1520,5152,4,5,20,20,15,405504,5088
12,1520,5168,4,5,20,20,15,411648,5136
12,1520,5184,4,5,20,20,15,417792,5184
12,1520,5200,4,5,20,20,15,423936,5232
12,1520,5216,4,5,20,20,15,430080,5280
12,1520,5232,4,5,20,20,15,436224,5328
12,1520,5248,4,5,20,20,15,442368,5376
12,1520,5264,4,5,20,20,15,448512,5424
12,1520,5280,4,5,20,20,15,454656,5472
12,1520,5296,4,5,20,20,15,460800,5520
12,1520,5312,4,5,20,20,15,466944,5568
12,1520,5328,4,5,20,20,15,473088,5616
12,1520,5344,4,5,20,20,15,479232,5664
12,1520,5360,4,5,20,20,15,485376,5712
12,1520,5376,4,5,20,20,15,491520,5760
12,1520,5392,4,5,20,20,15,491520,5760
12,1520,5408,4,5,20,20,15,491520,5760
12,1520,5424,4,5,20,20,15,491520,5760
12,1520,5440,4,5,20,20,15,491520,5760
12,1520,5456,4,5,20,20,15,491520,5760
12,1520,5472,4,5,20,20,15,491520,5760
12,1520,5488,4,5,20,20,15,491520,5760
12,1520,5504,4,5,20,20,15,491520,5760
12,1520,5520,4,5,20,20,15,491520,5760
12,1520,5536,4,5,20,20,15,491520,5760
12,1520,5552,4,5,20,20,15,491520,5760
12,1520,5568,4,5,20,20,15,491520,5760
12,1520,5584,4,5,20,20,15,491520,5760
12,1520,5600,4,5,20,20,15,491520,5760
12,1520,5616,4,5,20,20,15,491520,5760
12,1520,5632,4,5,20,20,15,491520,5760
12,1520,5648,4,5,20,20,15,491520,5760
12,1520,5664,4,5,20,20,15,491520,5760
12,1520,5680,4,5,20,20,15,491520,5760
12,1520,5696,4,5,20,20,15,491520,5760
12,1520,5712,4,5,20,20,15,491520,5760
12,1520,5728,4,5,20,20,15,491520,5760
12,1520,5744,4,5,20,20,15,491520,5760
12,1520,5760,4,5,20,20,15,491520,5760
12,1520,5776,4,5,20,20,15,491520,5760
12,1520,5792,4,5,20,20,15,491520,5760
12,1520,5808,4,5,20,20,15,491520,5760
12,1520,5824,4,5,20,20,15,491520,5760
12,1520,5840,4,5,20,20,15,491520,5760
12,1520,5856,4,5,20,20,15,491520,5760
12,1520,5872,4,5,20,20,15,491520,5760
12,1520,5888,4,5,20,20,15,491520,5760
12,1520,5904,4,5,20,20,15,491520,5760
12,1520,5920,4,5,20,20,15,491520,5760
12,1520,5936,4,5,20,20,15,491520,5760
12,1520,5952,4,5,20,20,15,491520,5760
12,1520,5968,4,5,20,20,15,491520,5760
12,1520,5984,4,5,20,20,15,491520,5760
12,1520,6000,4,5,20,20,15,491520,5760
12,1520,6016,4,5,20,20,15,491520,5760
12,1520,6032,4,5,20,20,15,491520,5760
12,1520,6048,4,5,20,20,15,491520,5760
12,1520,6064,4,5,20,20,15,491520,5760
12,1520,6080,4,5,20,20,15,491520,5760
12,1520,6096,4,5,20,20,15,491520,5760
12,1520,6112,4,5,20,20,15,491520,5760
12,1520,6128,4,5,20,20,15,491520,5760
